Product_ID,Product_Name,Category,Supplier_Name,Stock_Quantity,Risk_Level,Predicted_Action,Predicted_Discount_Percent
40-003-7322,White Sugar,Grains & Pulses,Wordtune,13,High,Discount,50.0
98-652-9569,Butter Biscuit,Bakery,Ooba,12,Low,Monitor,
99-561-4871,Haddock,Seafood,Buzzdog,17,Low,Relocate,
70-149-6756,Heavy Cream,Dairy,Skynoodle,14,High,Discount,50.0
50-329-3360,Wild Rice,Grains & Pulses,Topdrive,19,High,Discount,49.56335988508292
95-449-1286,Egg (Chicken),Dairy,Realfire,10,Low,Monitor,
58-946-5152,Bread Flour,Grains & Pulses,Avaveo,11,Low,Monitor,
02-575-1980,Plum,Fruits & Vegetables,Yambee,11,High,Discount,50.0
37-666-3902,Cauliflower,Fruits & Vegetables,Meevee,19,Expired,Dispose,
12-439-8428,Eggplant,Fruits & Vegetables,Ainyx,17,Low,Monitor,
12-046-2988,Corn Oil,Oils & Fats,Youbridge,17,Low,Relocate,
14-305-9690,Sushi Rice,Grains & Pulses,Dabshots,19,High,Discount,49.79770612638397
21-718-6746,Coconut,Fruits & Vegetables,Eamia,16,Expired,Dispose,
03-441-4252,Yogurt,Dairy,Wordpedia,12,Low,Monitor,
47-663-5703,Basmati Rice,Grains & Pulses,Kanoodle,15,Low,Monitor,
95-262-6208,Black Tea,Beverages,Devshare,19,Expired,Dispose,
30-591-7275,Brown Rice,Grains & Pulses,Oyondu,17,Low,Monitor,
80-020-8041,Black Rice,Grains & Pulses,Wordware,11,Low,Monitor,
73-010-8323,Tuna,Seafood,Tagcat,16,Low,Monitor,
00-215-7434,Egg (Goose),Dairy,Quatz,14,Expired,Dispose,
43-851-9440,Lime,Fruits & Vegetables,Camido,14,Expired,Dispose,
83-727-0814,Basmati Rice,Grains & Pulses,Yodo,11,Expired,Dispose,
03-043-9933,Strawberries,Fruits & Vegetables,Yombu,16,Low,Monitor,
76-070-1411,Evaporated Milk,Dairy,Realcube,15,Expired,Dispose,
26-134-9069,Whipped Cream,Dairy,Devcast,14,Expired,Dispose,
11-745-3025,Peach,Fruits & Vegetables,Oyoloo,15,Expired,Dispose,
89-597-6492,Carrot Juice,Beverages,Peterson LLC,18,Low,Monitor,
47-221-2470,Pomegranate,Fruits & Vegetables,Teklist,17,Low,Monitor,
47-802-5023,Cod,Seafood,Buzzster,16,Low,Monitor,
47-221-2470,Pomegranate,Fruits & Vegetables,Teklist,17,Low,Monitor,
83-727-0814,Basmati Rice,Grains & Pulses,Yodo,11,Low,Monitor,
48-289-0604,Vegetable Oil,Oils & Fats,Browseblab,18,Expired,Dispose,
92-551-8504,Raw Sugar,Grains & Pulses,Livepath,19,Low,Monitor,
67-512-9754,Egg (Turkey),Dairy,DabZ,19,Expired,Dispose,
92-362-3567,Tomato,Fruits & Vegetables,Fivebridge,11,Low,Monitor,
21-718-6746,Coconut,Fruits & Vegetables,Eamia,16,Low,Monitor,
65-464-5070,Heavy Cream,Dairy,Ntags,12,High,Discount,49.56335988508292
06-858-5680,Sesame Oil,Oils & Fats,Miboo,15,Low,Monitor,
43-851-9440,Lime,Fruits & Vegetables,Camido,14,Low,Monitor,
94-355-3070,Tilapia,Seafood,Jabbercube,14,High,Discount,50.0
92-551-8504,Raw Sugar,Grains & Pulses,Livepath,19,Expired,Dispose,
72-810-9753,Sesame Oil,Oils & Fats,Yotz,14,Low,Relocate,
46-622-3434,Jasmine Rice,Grains & Pulses,Topdrive,17,Low,Monitor,
71-594-6552,Long Grain Rice,Grains & Pulses,Brightbean,12,Low,Monitor,
61-680-9496,Apple,Fruits & Vegetables,Wikido,17,Low,Monitor,
65-464-5070,Heavy Cream,Dairy,Ntags,12,Expired,Dispose,
19-854-3663,Watermelon,Fruits & Vegetables,Dabjam,13,Expired,Dispose,
61-680-9496,Apple,Fruits & Vegetables,Wikido,17,Low,Monitor,
03-441-4252,Yogurt,Dairy,Wordpedia,12,Low,Monitor,
99-561-4871,Haddock,Seafood,Buzzdog,17,Expired,Dispose,
79-884-8810,Cucumber,Fruits & Vegetables,Dabtype,12,Expired,Dispose,
31-211-5803,Oatmeal Biscuit,Bakery,Gigazoom,16,High,Discount,50.0
00-357-2313,Avocado Oil,Oils & Fats,Quamba,10,Expired,Dispose,
37-610-1999,Halibut,Seafood,Wikizz,14,Low,Monitor,
57-167-0669,Haddock,Seafood,Rhybox,19,Low,Monitor,
99-561-4871,Haddock,Seafood,Buzzdog,17,Low,Relocate,
79-884-8810,Cucumber,Fruits & Vegetables,Dabtype,12,Low,Monitor,
37-606-0510,Milk,Dairy,Jabbercube,18,Expired,Dispose,
93-014-4256,Green Beans,Fruits & Vegetables,BlogXS,19,Low,Monitor,
63-822-5278,Pomegranate,Fruits & Vegetables,Kamba,14,Low,Relocate,
66-993-4234,Cucumber,Fruits & Vegetables,Gigazoom,13,Low,Monitor,
30-591-7275,Brown Rice,Grains & Pulses,Oyondu,17,Low,Monitor,
98-652-9569,Butter Biscuit,Bakery,Ooba,12,Low,Monitor,
88-951-9038,Black Coffee,Beverages,Youfeed,11,Expired,Dispose,
06-996-3221,Evaporated Milk,Dairy,Buzzshare,11,High,Discount,50.0
49-377-9731,Lime,Fruits & Vegetables,Livefish,18,Low,Monitor,
53-667-4109,Onion,Fruits & Vegetables,Voolith,16,Low,Relocate,
79-400-6216,Mozzarella Cheese,Dairy,Devpoint,16,Expired,Dispose,
94-355-3070,Tilapia,Seafood,Jabbercube,14,Expired,Dispose,
45-050-4720,Black Rice,Grains & Pulses,Voonder,18,Low,Monitor,
40-003-7322,White Sugar,Grains & Pulses,Wordtune,13,Expired,Dispose,
03-043-9933,Strawberries,Fruits & Vegetables,Yombu,16,Low,Monitor,
84-269-9130,Long Grain Rice,Grains & Pulses,Flashspan,11,Low,Monitor,
05-899-1428,Avocado Oil,Oils & Fats,Dabjam,14,Expired,Dispose,
88-183-5781,Whole Wheat Bread,Bakery,Lazz,17,Low,Monitor,
34-086-3222,Lemon,Fruits & Vegetables,Layo,12,Expired,Dispose,
37-666-3902,Cauliflower,Fruits & Vegetables,Meevee,19,High,Discount,50.0
28-824-9017,Trout,Seafood,Flipbug,19,Expired,Dispose,
95-356-1566,Grapes,Fruits & Vegetables,Rhynyx,13,Low,Monitor,
94-355-3070,Tilapia,Seafood,Jabbercube,14,High,Discount,50.0
31-211-5803,Oatmeal Biscuit,Bakery,Gigazoom,16,Expired,Dispose,
50-329-3145,Milk,Dairy,Jatri,12,Low,Relocate,
31-211-5803,Oatmeal Biscuit,Bakery,Gigazoom,16,High,Discount,50.0
02-575-1980,Plum,Fruits & Vegetables,Yambee,11,High,Discount,50.0
56-635-6764,Sourdough Bread,Bakery,Avamba,12,Low,Monitor,
72-810-9753,Sesame Oil,Oils & Fats,Yotz,14,Low,Relocate,
47-802-5023,Cod,Seafood,Buzzster,16,Expired,Dispose,
12-046-2988,Corn Oil,Oils & Fats,Youbridge,17,Expired,Dispose,
06-706-6490,Green Tea,Beverages,Tanoodle,15,Low,Monitor,
68-636-4774,Carrot,Fruits & Vegetables,Gevee,18,High,Discount,50.0
74-234-0628,Almond Flour,Grains & Pulses,Shuffledrive,12,Expired,Dispose,
20-405-4865,Milk,Dairy,Centimia,13,Low,Monitor,
86-273-9377,White Rice,Grains & Pulses,Eimbee,18,Low,Monitor,
93-014-4256,Green Beans,Fruits & Vegetables,BlogXS,19,Low,Monitor,
95-449-1286,Egg (Chicken),Dairy,Realfire,10,Low,Monitor,
12-798-9401,Cream,Dairy,Thoughtblab,18,Expired,Dispose,
95-356-1566,Grapes,Fruits & Vegetables,Rhynyx,13,Expired,Dispose,
92-152-5820,Black Tea,Beverages,Jaloo,18,Low,Monitor,
71-594-6552,Long Grain Rice,Grains & Pulses,Brightbean,12,Low,Monitor,
58-946-5152,Bread Flour,Grains & Pulses,Avaveo,11,Low,Monitor,
62-816-8794,Rice Flour,Grains & Pulses,Photobug,15,Low,Monitor,
67-512-9754,Egg (Turkey),Dairy,DabZ,19,Low,Monitor,
76-340-4432,Cucumber,Fruits & Vegetables,Brainverse,19,Low,Monitor,
66-993-4234,Cucumber,Fruits & Vegetables,Gigazoom,13,Expired,Dispose,
83-716-2177,Halibut,Seafood,Linktype,18,Low,Monitor,
95-356-1566,Grapes,Fruits & Vegetables,Rhynyx,13,Low,Monitor,
83-727-0814,Basmati Rice,Grains & Pulses,Yodo,11,Low,Monitor,
70-149-6756,Heavy Cream,Dairy,Skynoodle,14,Expired,Dispose,
93-015-0811,Pineapple,Fruits & Vegetables,Gigashots,18,Low,Monitor,
05-334-2923,Bread Flour,Grains & Pulses,Browsezoom,14,Expired,Dispose,
41-735-9837,Robusta Coffee,Beverages,Devpulse,14,Expired,Dispose,
22-319-1377,White Sugar,Grains & Pulses,Skyba,14,High,Discount,49.79770612638397
73-010-8323,Tuna,Seafood,Tagcat,16,Low,Monitor,
71-594-6552,Long Grain Rice,Grains & Pulses,Brightbean,12,Expired,Dispose,
34-086-3222,Lemon,Fruits & Vegetables,Layo,12,Low,Monitor,
28-044-4102,Papaya,Fruits & Vegetables,Yakijo,19,Low,Monitor,
88-183-5781,Whole Wheat Bread,Bakery,Lazz,17,Low,Monitor,
38-924-3007,Peas,Fruits & Vegetables,Photolist,12,Expired,Dispose,
34-928-2775,Coconut,Fruits & Vegetables,Browseblab,19,Expired,Dispose,
12-798-9401,Cream,Dairy,Thoughtblab,18,Low,Relocate,
20-054-3716,Chocolate Biscuit,Bakery,JumpXS,11,Expired,Dispose,
41-735-9837,Robusta Coffee,Beverages,Devpulse,14,Low,Monitor,
86-273-9377,White Rice,Grains & Pulses,Eimbee,18,Expired,Dispose,
45-050-4720,Black Rice,Grains & Pulses,Voonder,18,Expired,Dispose,
21-013-3508,Cabbage,Fruits & Vegetables,Meevee,12,Expired,Dispose,
13-888-0149,Lime,Fruits & Vegetables,Shufflebeat,75,Low,Monitor,
40-462-2952,Trout,Seafood,Browsezoom,91,Expired,Dispose,
66-716-8221,Cheddar Cheese,Dairy,LiveZ,70,Low,Relocate,
94-092-3355,Cauliflower,Fruits & Vegetables,Flashspan,57,Expired,Dispose,
04-104-6993,Buttermilk,Dairy,Trilia,60,Low,Relocate,
83-625-3618,Asparagus,Fruits & Vegetables,Realmix,68,Low,Monitor,
28-968-4195,Eggplant,Fruits & Vegetables,Blogtag,97,Low,Relocate,
90-343-9640,Avocado Oil,Oils & Fats,Dabtype,53,Low,Monitor,
33-670-6797,Mackerel,Seafood,Wikido,45,Low,Monitor,
80-227-6886,Garlic,Fruits & Vegetables,Layo,33,Expired,Dispose,
39-810-2042,Rice Flour,Grains & Pulses,Quatz,24,Low,Monitor,
87-272-6544,Egg (Goose),Dairy,Skalith,90,Low,Monitor,
63-918-8253,Mango,Fruits & Vegetables,Devpulse,53,Low,Monitor,
06-655-5498,Wild Rice,Grains & Pulses,Kayveo,72,Expired,Dispose,
02-484-0206,Short Grain Rice,Grains & Pulses,Quatz,64,Low,Monitor,
98-445-7372,Cod,Seafood,Roombo,65,High,Discount,49.7092938290036
38-390-2115,Potato,Fruits & Vegetables,Rhyzio,42,Low,Monitor,
98-909-9395,Cottage Cheese,Dairy,Feedfire,67,Low,Monitor,
93-772-3085,Banana,Fruits & Vegetables,Edgetag,39,Low,Monitor,
85-781-5386,Salmon,Seafood,Avavee,78,Low,Monitor,
81-268-5905,Mackerel,Seafood,Kazio,89,Expired,Dispose,
83-625-3618,Asparagus,Fruits & Vegetables,Realmix,68,Low,Monitor,
42-887-6557,Long Grain Rice,Grains & Pulses,Geba,26,Expired,Dispose,
78-614-4402,Green Beans,Fruits & Vegetables,Gigazoom,81,Expired,Dispose,
96-334-2593,White Tea,Beverages,Rhycero,60,Expired,Dispose,
97-300-7511,Egg (Duck),Dairy,Katz,37,Expired,Dispose,
13-900-9016,Bell Pepper,Fruits & Vegetables,Meetz,89,Low,Relocate,
49-570-8214,Sour Cream,Dairy,Realblab,81,Low,Monitor,
27-269-5260,Pineapple,Fruits & Vegetables,Rhyloo,14,Low,Monitor,
68-761-6907,Zucchini,Fruits & Vegetables,Brainverse,26,Low,Monitor,
78-614-4402,Green Beans,Fruits & Vegetables,Gigazoom,81,Low,Monitor,
37-610-1999,Halibut,Seafood,Wikizz,14,Low,Monitor,
27-269-5260,Pineapple,Fruits & Vegetables,Rhyloo,14,Low,Monitor,
06-340-6856,Wild Rice,Grains & Pulses,Podcat,41,High,Discount,50.0
55-631-7937,Greek Yogurt,Dairy,Avamba,26,Low,Monitor,
92-455-2959,Robusta Coffee,Beverages,Katz,59,Expired,Dispose,
46-931-6897,Cream,Dairy,Meevee,29,Low,Monitor,
74-845-3299,Green Tea,Beverages,Oyoyo,63,Low,Monitor,
39-629-5554,Egg (Goose),Dairy,Muxo,44,Expired,Dispose,
55-631-7937,Greek Yogurt,Dairy,Avamba,26,Low,Monitor,
07-970-9352,Bell Pepper,Fruits & Vegetables,Tagtune,96,Low,Monitor,
04-104-6993,Buttermilk,Dairy,Trilia,60,Expired,Dispose,
38-924-3007,Peas,Fruits & Vegetables,Photolist,12,Low,Monitor,
28-197-9246,Powdered Sugar,Grains & Pulses,Riffwire,47,Low,Monitor,
03-149-9760,Whipped Cream,Dairy,Yotz,92,Expired,Dispose,
97-300-7511,Egg (Duck),Dairy,Katz,37,High,Discount,49.463017027972185
88-602-8210,Avocado Oil,Oils & Fats,Skajo,99,Low,Monitor,
47-554-5780,Haddock,Seafood,Babbleopia,93,Low,Monitor,
56-635-6764,Sourdough Bread,Bakery,Avamba,12,Expired,Dispose,
79-569-8856,Vegetable Oil,Oils & Fats,Digitube,51,Low,Monitor,
66-268-8345,Greek Yogurt,Dairy,Thoughtstorm,91,Low,Relocate,
44-408-7594,Eggplant,Fruits & Vegetables,Eire,39,Expired,Dispose,
74-294-3760,Peanut Oil,Oils & Fats,Babblestorm,49,Low,Monitor,
44-480-9446,Sunflower Oil,Oils & Fats,Aibox,39,Expired,Dispose,
17-647-0503,Cod,Seafood,Katz,96,High,Discount,49.27495447381253
02-034-6209,Sour Cream,Dairy,Yodel,22,Low,Relocate,
58-182-6781,Oatmeal Biscuit,Bakery,Pixope,34,Expired,Dispose,
11-733-1756,Rice Flour,Grains & Pulses,Mynte,52,Low,Monitor,
87-104-0187,Whole Wheat Flour,Grains & Pulses,Rhyloo,86,Expired,Dispose,
50-679-2072,Canola Oil,Oils & Fats,Thoughtmix,97,Expired,Dispose,
30-806-3823,Jasmine Rice,Grains & Pulses,Topicware,53,Low,Monitor,
15-905-7750,Apricot,Fruits & Vegetables,Skinix,42,Low,Monitor,
22-778-3553,Cheddar Cheese,Dairy,Quaxo,36,Expired,Dispose,
60-343-3288,Tilapia,Seafood,Vipe,85,Expired,Dispose,
94-092-3355,Cauliflower,Fruits & Vegetables,Flashspan,57,High,Discount,50.0
90-773-9557,Butter,Dairy,Npath,85,Expired,Dispose,
11-581-9869,Carrot,Fruits & Vegetables,Avaveo,51,High,Discount,50.0
93-342-8794,Bread Flour,Grains & Pulses,Realblab,84,Expired,Dispose,
15-144-9413,Strawberries,Fruits & Vegetables,Meevee,58,Expired,Dispose,
27-757-4489,Egg (Goose),Dairy,Abatz,35,Expired,Dispose,
53-080-8252,Sourdough Bread,Bakery,Thoughtstorm,30,Expired,Dispose,
50-679-2072,Canola Oil,Oils & Fats,Thoughtmix,97,Low,Monitor,
02-034-6209,Sour Cream,Dairy,Yodel,22,Expired,Dispose,
22-266-9291,Sardines,Seafood,Vinder,11,Expired,Dispose,
68-761-6907,Zucchini,Fruits & Vegetables,Brainverse,26,Expired,Dispose,
27-757-4489,Egg (Goose),Dairy,Abatz,35,Low,Monitor,
58-005-5343,Cucumber,Fruits & Vegetables,Youbridge,38,Low,Monitor,
95-262-6208,Black Tea,Beverages,Devshare,19,Low,Monitor,
29-823-6004,Zucchini,Fruits & Vegetables,Trudeo,52,Low,Monitor,
30-996-2526,Green Beans,Fruits & Vegetables,Izio,86,Low,Monitor,
13-900-9016,Bell Pepper,Fruits & Vegetables,Meetz,89,Low,Relocate,
44-552-3909,Pear,Fruits & Vegetables,Riffwire,61,Low,Monitor,
85-212-2729,Egg (Turkey),Dairy,Browsecat,42,Low,Relocate,
98-064-4465,Mozzarella Cheese,Dairy,Feedfire,96,Low,Monitor,
03-940-0630,Sunflower Oil,Oils & Fats,Skibox,23,Low,Monitor,
85-781-5386,Salmon,Seafood,Avavee,78,Expired,Dispose,
88-602-8210,Avocado Oil,Oils & Fats,Skajo,99,Expired,Dispose,
60-311-5701,Sesame Oil,Oils & Fats,Shuffledrive,39,Expired,Dispose,
70-005-5970,Apple,Fruits & Vegetables,Skaboo,84,Low,Monitor,
80-227-6886,Garlic,Fruits & Vegetables,Layo,33,High,Discount,50.0
87-097-5691,Robusta Coffee,Beverages,Photofeed,62,Low,Monitor,
06-340-6856,Wild Rice,Grains & Pulses,Podcat,41,High,Discount,49.596379228207006
39-768-8205,Egg (Turkey),Dairy,Gigabox,56,Low,Monitor,
30-806-3823,Jasmine Rice,Grains & Pulses,Topicware,53,Expired,Dispose,
06-655-5498,Wild Rice,Grains & Pulses,Kayveo,72,High,Discount,50.0
38-390-2115,Potato,Fruits & Vegetables,Rhyzio,42,Low,Monitor,
51-069-0489,Bread Flour,Grains & Pulses,Oloo,96,Low,Monitor,
22-621-2774,Strawberries,Fruits & Vegetables,Babblestorm,54,Low,Monitor,
15-240-6267,Eggplant,Fruits & Vegetables,Mybuzz,91,Low,Monitor,
27-757-4489,Egg (Goose),Dairy,Abatz,35,Low,Monitor,
26-799-3714,Robusta Coffee,Beverages,Mymm,74,Low,Monitor,
10-555-5971,Sourdough Bread,Bakery,Gigashots,94,High,Discount,17.865294935394317
81-268-5905,Mackerel,Seafood,Kazio,89,Low,Monitor,
03-940-0630,Sunflower Oil,Oils & Fats,Skibox,23,Expired,Dispose,
02-575-1980,Plum,Fruits & Vegetables,Yambee,11,Expired,Dispose,
35-621-2546,Swiss Cheese,Dairy,Skiptube,85,Low,Monitor,
36-679-4670,Bell Pepper,Fruits & Vegetables,Fatz,90,Low,Relocate,
15-045-8444,Green Coffee,Beverages,Aibox,27,Low,Relocate,
55-522-8242,Whipped Cream,Dairy,Feedbug,29,Low,Monitor,
66-716-8221,Cheddar Cheese,Dairy,LiveZ,70,Expired,Dispose,
33-807-7247,Mozzarella Cheese,Dairy,Blogspan,58,Low,Monitor,
27-442-3654,Herbal Tea,Beverages,Yoveo,59,Low,Monitor,
22-266-9291,Sardines,Seafood,Vinder,11,Low,Monitor,
10-555-5971,Sourdough Bread,Bakery,Gigashots,94,Expired,Dispose,
13-888-0149,Lime,Fruits & Vegetables,Shufflebeat,75,Expired,Dispose,
28-968-4195,Eggplant,Fruits & Vegetables,Blogtag,97,Expired,Dispose,
76-340-4432,Cucumber,Fruits & Vegetables,Brainverse,19,Expired,Dispose,
90-343-9640,Avocado Oil,Oils & Fats,Dabtype,53,Expired,Dispose,
31-627-6025,White Bread,Bakery,Ozu,56,Expired,Dispose,
82-041-7211,Swiss Cheese,Dairy,Reallinks,49,Expired,Dispose,
08-703-1382,Peach,Fruits & Vegetables,Wikizz,40,Expired,Dispose,
12-828-1063,Mozzarella Cheese,Dairy,Buzzdog,36,Expired,Dispose,
86-330-0214,Arabica Coffee,Beverages,Jayo,36,Expired,Dispose,
27-881-1177,Green Tea,Beverages,Skalith,34,Expired,Dispose,
63-897-8088,Zucchini,Fruits & Vegetables,Skibox,63,Expired,Dispose,
89-602-6755,Milk,Dairy,BlogXS,74,Expired,Dispose,
19-377-5021,Mackerel,Seafood,Skynoodle,91,Expired,Dispose,
70-542-4269,Gouda Cheese,Dairy,Gigazoom,41,Expired,Dispose,
71-085-4290,Cucumber,Fruits & Vegetables,Eire,31,Expired,Dispose,
53-146-9979,Powdered Sugar,Grains & Pulses,Skidoo,21,Expired,Dispose,
52-392-5312,All-Purpose Flour,Grains & Pulses,Pixonyx,50,Expired,Dispose,
65-644-1394,Pear,Fruits & Vegetables,Lazz,26,Expired,Dispose,
93-813-2419,Digestive Biscuit,Bakery,Dynabox,39,Expired,Dispose,
26-161-6692,Zucchini,Fruits & Vegetables,Kare,61,Expired,Dispose,
87-013-6488,Sushi Rice,Grains & Pulses,Tekfly,22,Expired,Dispose,
04-277-5245,Coconut Sugar,Grains & Pulses,Bubblebox,20,Expired,Dispose,
73-118-1117,Olive Oil,Oils & Fats,Layo,52,Expired,Dispose,
25-349-7974,Spinach,Fruits & Vegetables,Devshare,72,Expired,Dispose,
45-852-2446,Salmon,Seafood,Fanoodle,73,Expired,Dispose,
88-746-9468,Onion,Fruits & Vegetables,Skiba,35,Expired,Dispose,
01-018-6418,Chocolate Biscuit,Bakery,Chatterbridge,68,Expired,Dispose,
91-417-0366,Grapes,Fruits & Vegetables,Riffwire,25,Expired,Dispose,
01-026-2772,Blueberries,Fruits & Vegetables,Buzzbean,40,Expired,Dispose,
17-493-4579,Almond Flour,Grains & Pulses,Trudoo,76,Expired,Dispose,
70-854-6891,Sourdough Bread,Bakery,Flashspan,41,Expired,Dispose,
80-374-5711,Herbal Tea,Beverages,Browsecat,48,Expired,Dispose,
88-304-2855,Pineapple,Fruits & Vegetables,Brainverse,20,Expired,Dispose,
31-969-4614,Arabica Coffee,Beverages,Voomm,62,Expired,Dispose,
03-043-9933,Strawberries,Fruits & Vegetables,Yombu,16,Expired,Dispose,
72-780-6006,Sunflower Oil,Oils & Fats,Voolith,87,Expired,Dispose,
36-918-2937,Green Coffee,Beverages,Kwinu,62,Expired,Dispose,
27-216-9671,Sesame Oil,Oils & Fats,Skilith,100,Expired,Dispose,
72-989-2512,Mushrooms,Fruits & Vegetables,Yakijo,24,Expired,Dispose,
79-350-5841,Jasmine Rice,Grains & Pulses,Gabvine,33,Expired,Dispose,
24-228-6840,Herbal Tea,Beverages,Myworks,27,Expired,Dispose,
28-008-2951,Broccoli,Fruits & Vegetables,Buzzster,95,Expired,Dispose,
44-634-8292,Whole Wheat Flour,Grains & Pulses,Quatz,60,Expired,Dispose,
79-428-8753,Cabbage,Fruits & Vegetables,Skivee,62,Expired,Dispose,
59-725-4038,Arabica Coffee,Beverages,Zoozzy,78,Expired,Dispose,
72-970-0239,Sesame Oil,Oils & Fats,Divanoodle,85,Expired,Dispose,
49-730-0159,Cream,Dairy,Riffpedia,82,Expired,Dispose,
11-032-9778,Peas,Fruits & Vegetables,Edgepulse,99,Expired,Dispose,
04-453-5485,Tomato,Fruits & Vegetables,Quatz,84,Expired,Dispose,
76-584-4790,Peanut Oil,Oils & Fats,Twitterwire,21,Expired,Dispose,
03-833-3577,Cucumber,Fruits & Vegetables,Kanoodle,67,Expired,Dispose,
36-636-4873,Black Rice,Grains & Pulses,Wikivu,86,Expired,Dispose,
87-762-1317,Mozzarella Cheese,Dairy,Dazzlesphere,45,Expired,Dispose,
02-559-8196,Mango,Fruits & Vegetables,Jaxnation,61,Expired,Dispose,
35-836-6718,Ricotta Cheese,Dairy,Thoughtblab,91,Expired,Dispose,
28-107-4953,Chocolate Biscuit,Bakery,Babbleblab,53,Expired,Dispose,
88-977-0175,Chocolate Biscuit,Bakery,Yodo,100,Expired,Dispose,
43-670-8544,Orange,Fruits & Vegetables,Camido,84,Expired,Dispose,
70-534-7796,Zucchini,Fruits & Vegetables,Babblestorm,43,Expired,Dispose,
41-475-5305,Rye Bread,Bakery,Kwideo,61,Expired,Dispose,
83-400-9746,Mozzarella Cheese,Dairy,Eidel,24,Expired,Dispose,
78-689-8958,White Tea,Beverages,Chatterbridge,20,Expired,Dispose,
12-998-3882,Egg (Turkey),Dairy,Bluezoom,76,Expired,Dispose,
45-317-9731,Palm Oil,Oils & Fats,Wordware,44,Expired,Dispose,
62-393-9939,Cheddar Cheese,Dairy,Gabcube,60,Expired,Dispose,
98-499-2220,Parmesan Cheese,Dairy,Skidoo,37,Expired,Dispose,
77-013-1553,Canola Oil,Oils & Fats,Yodo,79,Expired,Dispose,
06-849-4869,Sesame Oil,Oils & Fats,Rhycero,85,Expired,Dispose,
92-791-0606,Short Grain Rice,Grains & Pulses,Photobean,18,Expired,Dispose,
40-751-8635,Pineapple,Fruits & Vegetables,Yamia,44,Expired,Dispose,
88-408-0310,Corn Oil,Oils & Fats,Flipopia,50,Expired,Dispose,
81-354-4203,Haddock,Seafood,Yabox,76,Expired,Dispose,
43-469-7551,Arabica Coffee,Beverages,Rhycero,45,Expired,Dispose,
76-325-9093,Sesame Oil,Oils & Fats,Feedbug,27,Expired,Dispose,
14-550-2152,Green Tea,Beverages,Livepath,51,Expired,Dispose,
56-875-3717,Brown Rice,Grains & Pulses,Youtags,89,Expired,Dispose,
29-592-7315,Arborio Rice,Grains & Pulses,Dabtype,56,Expired,Dispose,
76-264-0748,Eggplant,Fruits & Vegetables,Roombo,47,Expired,Dispose,
68-732-5919,Jasmine Rice,Grains & Pulses,Eimbee,26,Expired,Dispose,
46-520-1819,Short Grain Rice,Grains & Pulses,Katz,41,Expired,Dispose,
63-890-1246,Oatmeal Biscuit,Bakery,Vidoo,93,Expired,Dispose,
60-550-4771,Haddock,Seafood,Kwimbee,75,Expired,Dispose,
35-257-9312,Parmesan Cheese,Dairy,Photospace,80,Expired,Dispose,
06-797-4963,Pomegranate,Fruits & Vegetables,Innojam,52,Expired,Dispose,
99-543-5039,Lemon,Fruits & Vegetables,Livetube,65,Expired,Dispose,
87-199-2743,Papaya,Fruits & Vegetables,Demivee,59,Expired,Dispose,
78-953-2073,Canola Oil,Oils & Fats,Tagopia,53,Expired,Dispose,
29-436-6570,Digestive Biscuit,Bakery,Quatz,61,Expired,Dispose,
73-942-0508,Kale,Fruits & Vegetables,Brightbean,61,Expired,Dispose,
76-623-7844,Egg (Quail),Dairy,Vinte,29,Expired,Dispose,
39-810-2042,Rice Flour,Grains & Pulses,Quatz,24,Expired,Dispose,
24-989-3302,Coconut,Fruits & Vegetables,Eazzy,85,Expired,Dispose,
83-573-4586,Sesame Oil,Oils & Fats,Thoughtbeat,77,Expired,Dispose,
16-499-5059,Pear,Fruits & Vegetables,Centizu,77,Expired,Dispose,
70-612-2531,Pineapple,Fruits & Vegetables,Flipbug,48,Expired,Dispose,
87-391-9658,Corn Oil,Oils & Fats,Centizu,26,Expired,Dispose,
40-795-0753,Raw Sugar,Grains & Pulses,Mydo,31,Expired,Dispose,
43-893-5408,Short Grain Rice,Grains & Pulses,Snaptags,60,Expired,Dispose,
94-598-3383,Brown Rice,Grains & Pulses,Viva,79,Expired,Dispose,
26-177-5690,Cucumber,Fruits & Vegetables,Skinte,85,Expired,Dispose,
15-796-3130,Rye Bread,Bakery,Kwilith,50,Expired,Dispose,
88-183-5781,Whole Wheat Bread,Bakery,Lazz,17,Expired,Dispose,
03-597-9488,Buttermilk,Dairy,Wordpedia,70,Expired,Dispose,
11-922-3342,Black Coffee,Beverages,Gabspot,24,Expired,Dispose,
16-632-1308,Arabica Coffee,Beverages,Voonyx,23,Expired,Dispose,
81-573-0943,Egg (Chicken),Dairy,Topiclounge,22,Expired,Dispose,
95-357-2870,Arborio Rice,Grains & Pulses,Talane,86,Expired,Dispose,
86-672-4191,Egg (Goose),Dairy,Einti,88,Expired,Dispose,
17-022-9721,Apple,Fruits & Vegetables,Chatterpoint,43,Expired,Dispose,
42-141-5718,Cheese,Dairy,Mydeo,100,Expired,Dispose,
13-673-7016,Peach,Fruits & Vegetables,Youfeed,47,Expired,Dispose,
02-085-7218,Cheddar Cheese,Dairy,Oyonder,85,Expired,Dispose,
28-956-1320,Greek Yogurt,Dairy,Thoughtblab,62,Expired,Dispose,
80-072-8774,Tuna,Seafood,Viva,89,Expired,Dispose,
27-387-0428,Halibut,Seafood,Camido,88,Expired,Dispose,
26-535-4727,Tilapia,Seafood,Jamia,93,Expired,Dispose,
50-942-2409,Peas,Fruits & Vegetables,Meedoo,75,Expired,Dispose,
86-692-2312,Avocado Oil,Oils & Fats,Dazzlesphere,30,Expired,Dispose,
58-063-8633,Bell Pepper,Fruits & Vegetables,Skimia,50,Expired,Dispose,
83-763-5038,Buttermilk,Dairy,Jatri,52,Expired,Dispose,
98-148-0940,Egg (Chicken),Dairy,Babblestorm,63,Expired,Dispose,
68-734-1585,Greek Yogurt,Fruits & Vegetables,Meeveo,62,Low,Monitor,
63-874-9747,Orange,Fruits & Vegetables,Oloo,36,Expired,Dispose,
04-749-7086,Apple Juice,Beverages,Stone LLC,42,Low,Monitor,
82-243-3180,Palm Oil,Oils & Fats,Zooxo,43,Expired,Dispose,
35-299-0889,Coconut Oil,Oils & Fats,Gevee,33,Expired,Dispose,
77-312-6317,Spinach,Fruits & Vegetables,Abatz,41,Expired,Dispose,
76-674-9109,Palm Oil,Oils & Fats,"Davis, Mitchell and Martinez",353,Low,Bundle,
85-146-4774,Orange,Fruits & Vegetables,Ruiz-Hamilton,343,Low,Relocate,
44-368-7112,Corn Oil,Oils & Fats,Devbug,28,Low,Monitor,
36-840-2728,Mackerel,Seafood,Dabfeed,76,Low,Monitor,
19-967-0632,Short Grain Rice,Grains & Pulses,Yombu,53,Low,Monitor,
42-158-4052,Cream Cheese,Dairy,"Alvarez, Wong and Thomas",390,High,Discount,36.97462234362902
06-068-6793,Buttermilk,Dairy,Twitterbeat,39,Low,Monitor,
88-981-1657,Orange Juice,Beverages,Burnett-Lucas,147,Low,Relocate,
21-809-7115,White Rice,Grains & Pulses,Tagcat,80,Low,Monitor,
99-048-8310,Tomato,Fruits & Vegetables,Demimbu,32,Expired,Dispose,
81-844-2979,Broccoli,Fruits & Vegetables,Realblab,73,Low,Monitor,
93-134-9182,Semolina (Rava),Grains & Pulses,"Clark, Powell and English",449,High,Discount,30.46614368022361
48-099-7292,Bell Pepper,Fruits & Vegetables,"Cobb, Wilson and Schwartz",662,High,Discount,15.82325493183659
45-380-4627,Cabbage,Fruits & Vegetables,Zoombox,90,Low,Monitor,
41-594-5069,Egg (Duck),Dairy,Blogtags,77,High,Discount,49.86046309230953
73-594-1377,Carrot,Fruits & Vegetables,"Austin, Green and Rocha",196,High,Discount,32.234638251462314
28-951-2236,Toor Dal,Grains & Pulses,Mason Inc,258,High,Discount,27.278181944806278
15-884-7413,Apple,Fruits & Vegetables,Geba,77,Low,Monitor,
34-928-2775,Coconut,Fruits & Vegetables,Browseblab,19,Low,Monitor,
24-964-1425,Long Grain Rice,Grains & Pulses,"Reed, Graves and Walsh",89,Low,Bundle,
50-329-7575,Canola Oil,Oils & Fats,"George, Proctor and Norris",180,High,Discount,13.681192972454554
63-936-0145,Plum,Fruits & Vegetables,Thoughtbeat,22,Expired,Dispose,
94-190-5193,Carrot,Fruits & Vegetables,Quinu,67,High,Discount,50.0
40-810-9261,Green Coffee,Beverages,Cogibox,75,Low,Monitor,
90-276-1800,Wheat Flour,Grains & Pulses,Carr-Mendoza,272,High,Discount,15.326202581261333
14-844-4138,Black Coffee,Beverages,Flipbug,61,Expired,Dispose,
05-425-0746,Onion,Fruits & Vegetables,Gabspot,50,Expired,Dispose,
53-446-8243,Orange,Fruits & Vegetables,Skipfire,41,Low,Monitor,
52-270-0221,Almond Milk,Beverages,"Patel, Clark and Watts",364,High,Discount,14.280843787683837
65-464-5070,Heavy Cream,Dairy,Ntags,12,High,Discount,49.02594026129522
88-440-6885,Chili Pepper,Fruits & Vegetables,Le Group,109,Low,Monitor,
46-931-6897,Cream,Dairy,Meevee,29,Low,Monitor,
93-341-2978,Peanut Oil,Oils & Fats,"Smith, Green and Fisher",158,Low,Monitor,
11-325-7396,Mango,Fruits & Vegetables,Skipfire,92,Low,Monitor,
17-123-4166,Walnut Oil,Oils & Fats,Santiago-Rose,204,Low,Monitor,
49-918-3739,Chocolate Milk,Beverages,"Martin, Price and Wilson",404,High,Discount,35.60518404376142
74-294-3760,Peanut Oil,Oils & Fats,Babblestorm,49,Low,Monitor,
03-818-6196,Olive Pomace Oil,Oils & Fats,"Buchanan, Gomez and Thomas",166,Low,Monitor,
26-177-5690,Cucumber,Fruits & Vegetables,Skinte,85,Low,Monitor,
02-842-4622,Pineapple,Fruits & Vegetables,Turner-Farrell,556,High,Discount,13.695012327785392
84-269-9130,Long Grain Rice,Grains & Pulses,Flashspan,11,Low,Monitor,
14-521-4167,Buttermilk,Dairy,Vinder,47,Expired,Dispose,
58-122-2282,Black Tea,Beverages,Ozu,59,Low,Monitor,
36-531-4087,Almond Flour,Grains & Pulses,Skaboo,85,Expired,Dispose,
85-561-4694,Kiwi,Fruits & Vegetables,Tazz,28,Low,Monitor,
96-698-2222,Instant Coffee,Beverages,Price-Rasmussen,189,Low,Monitor,
39-192-3521,Herbal Tea,Beverages,Dynazzy,20,Low,Monitor,
71-496-1571,Barley,Grains & Pulses,Taylor-Baker,312,High,Discount,41.39299348956748
26-161-6692,Zucchini,Fruits & Vegetables,Kare,61,Low,Monitor,
98-487-9211,Pumpkin Seed Oil,Oils & Fats,Frank Inc,422,Low,Bundle,
40-925-0267,Buckwheat,Grains & Pulses,Waters Group,304,High,Discount,18.83985532154289
60-644-6596,Trout,Seafood,Rhynoodle,89,Expired,Dispose,
28-044-4102,Papaya,Fruits & Vegetables,Yakijo,19,Low,Monitor,
66-855-0038,Mustard Oil,Oils & Fats,Cooper-Delgado,449,High,Discount,15.645376513398709
35-353-4068,Bread Flour,Grains & Pulses,Jetpulse,64,Expired,Dispose,
96-164-0607,Coconut Oil,Oils & Fats,Browsezoom,89,Low,Monitor,
11-316-8405,Mango,Fruits & Vegetables,Twitternation,24,Expired,Dispose,
24-233-6172,Pumpkin Seed Oil,Oils & Fats,Kline-Beard,141,Low,Monitor,
35-353-4068,Bread Flour,Grains & Pulses,Jetpulse,64,Low,Monitor,
42-308-3326,Olive Pomace Oil,Oils & Fats,Daniels LLC,191,Low,Relocate,
70-960-0581,Milk Beverage,Dairy,Gentry LLC,446,High,Discount,37.41319714154604
24-724-4352,Coconut Oil,Oils & Fats,"Reid, Riggs and Pacheco",214,Low,Monitor,
54-331-9316,Oats,Grains & Pulses,Jacobson Group,87,Low,Monitor,
67-849-7749,Pearl Millet,Grains & Pulses,Lee PLC,140,Low,Monitor,
08-114-3922,Anchovies,Seafood,Camido,60,Low,Monitor,
06-849-4869,Sesame Oil,Oils & Fats,Rhycero,85,Low,Monitor,
22-083-3347,Long Grain Rice,Grains & Pulses,Yodoo,69,Low,Monitor,
90-492-0564,Pomegranate,Fruits & Vegetables,Shuffledrive,92,Low,Monitor,
22-849-2551,Mushrooms,Fruits & Vegetables,Izio,34,Expired,Dispose,
61-801-8665,Robusta Coffee,Beverages,Demivee,42,Low,Relocate,
40-793-7235,Sour Cream,Dairy,Chatterbridge,92,Low,Monitor,
81-354-4203,Haddock,Seafood,Yabox,76,Low,Monitor,
65-593-1153,Strawberry,Fruits & Vegetables,Henry-Woods,280,Low,Bundle,
26-196-1952,Mushrooms,Fruits & Vegetables,"Reyes, Mendoza and Kelly",469,High,Discount,35.685923362650904
50-930-4751,Salmon,Seafood,Abata,88,Low,Monitor,
47-578-4161,Anchovies,Seafood,Jaxspan,88,Low,Monitor,
00-963-2193,Milk,Dairy,Thoughtsphere,43,Expired,Dispose,
80-334-0215,Grapes,Fruits & Vegetables,Camimbo,88,Low,Monitor,
08-114-3922,Anchovies,Seafood,Camido,60,Low,Monitor,
68-373-6947,Protein Shake,Beverages,Moore Ltd,183,High,Discount,45.88875388306961
34-110-1040,Bell Pepper,Fruits & Vegetables,Leenti,75,Low,Monitor,
34-709-9237,Carrot,Fruits & Vegetables,Gigaclub,61,High,Discount,49.79770612638397
60-761-4394,Truffle Oil,Oils & Fats,Fowler Inc,94,Low,Relocate,
01-439-6231,Sunflower Oil,Oils & Fats,Skidoo,88,Low,Monitor,
00-356-5561,Moong Dal,Grains & Pulses,Simmons Group,221,High,Discount,14.43344627258937
33-845-1107,Mozzarella Cheese,Dairy,Murphy-Dixon,86,Low,Monitor,
86-257-4613,Jasmine Rice,Grains & Pulses,Kwilith,44,Low,Relocate,
00-326-9723,Clarified Butter,Oils & Fats,Rose-Cole,131,High,Discount,49.498323650800714
89-880-5925,Iced Tea,Beverages,"Richardson, Morrison and Jimenez",66,High,Discount,48.92349439763766
67-270-7464,Jasmine Rice,Grains & Pulses,Yadel,91,Low,Monitor,
22-329-7791,Watermelon,Fruits & Vegetables,Eidel,53,Expired,Dispose,
95-090-2788,Sesame Oil,Oils & Fats,Dabtype,45,Low,Monitor,
31-038-2838,Carrot,Fruits & Vegetables,Arias-Molina,288,High,Discount,35.87634287706155
38-229-8619,Millet (Ragi),Grains & Pulses,Norris-Brown,430,High,Discount,41.709021706885686
50-930-4751,Salmon,Seafood,Abata,88,Expired,Dispose,
96-774-0457,Cod,Seafood,Izio,56,High,Discount,49.64664863726337
92-791-0606,Short Grain Rice,Grains & Pulses,Photobean,18,Low,Monitor,
37-911-9066,Flavored Yogurt,Dairy,"Graham, Benjamin and Daniel",87,Low,Monitor,
24-143-4957,Canola Oil,Oils & Fats,Katz,25,Expired,Dispose,
23-835-0989,Flavored Oil,Oils & Fats,Greene-Scott,116,High,Discount,49.063867225099514
25-408-2934,Buttermilk Drink,Beverages,Hamilton-Duran,173,High,Discount,35.39035417057376
83-238-4189,Parmesan Cheese,Dairy,"Colon, Stanley and Castaneda",26,Low,Bundle,
11-581-9869,Carrot,Fruits & Vegetables,Avaveo,51,Expired,Dispose,
89-673-1543,Digestive Biscuit,Bakery,Lajo,72,Expired,Dispose,
02-170-5225,Raw Sugar,Grains & Pulses,Eabox,90,Low,Monitor,
73-118-1117,Olive Oil,Oils & Fats,Layo,52,Low,Monitor,
48-461-3742,Kiwi,Fruits & Vegetables,Zooveo,37,Expired,Dispose,
14-780-6727,Banana,Fruits & Vegetables,Huff-Zamora,240,High,Discount,11.719468599889696
08-348-0019,Whole Milk,Dairy,Willis-Chan,83,Low,Monitor,
