Product_ID,Product_Name,Category,Supplier_ID,Supplier_Name,Stock_Quantity,Reorder_Level,Reorder_Quantity,Unit_Price,Date_Received,Last_Order_Date,Expiration_Date,Warehouse_Location,Sales_Volume,Inventory_Turnover_Rate,Status,Expiry_Class,Days_Until_Expiry,Stock_Age,Stock_Value,Shelf_Life,Remaining_Shelf_Life_Ratio,Forecasted_Demand,Risk_Level
40-003-7322,White Sugar,Grains & Pulses,41-644-3129,Wordtune,13,32,79,2.0,2024-07-05,2025-02-16,2025-10-29,2693 6th Court,38,61.0,Discontinued,Not_Expired,17,464.0,26.0,481.0,0.0353430353430353,-20.69385279942304,High
98-652-9569,Butter Biscuit,Bakery,65-160-1426,Ooba,12,7,23,6.0,2025-06-02,2025-02-17,2025-11-23,32 6th Lane,72,16.0,Discontinued,Not_Expired,42,132.0,72.0,174.0,0.2413793103448276,470.6016250295646,Low
99-561-4871,Haddock,Seafood,04-786-5408,Buzzdog,17,38,93,9.0,,2024-08-20,2025-11-06,952 Rowland Junction,100,63.0,Active,Not_Expired,25,,153.0,,,169.92446667498484,Low
70-149-6756,Heavy Cream,Dairy,97-150-9199,Skynoodle,14,99,97,4.2,,2025-01-06,2025-11-04,6 Messerschmidt Place,28,45.0,Discontinued,Not_Expired,23,,58.8,,,-216.91690185103897,High
50-329-3360,Wild Rice,Grains & Pulses,85-594-2570,Topdrive,19,77,66,10.0,2024-07-11,2025-02-16,2025-12-29,72 Crownhardt Circle,62,100.0,Active,Not_Expired,78,458.0,190.0,536.0,0.1455223880597015,-395.3924772715741,High
95-449-1286,Egg (Chicken),Dairy,18-260-7354,Realfire,10,17,70,0.2,,2024-12-23,2025-09-14,1 Jackson Pass,100,63.0,Backordered,Near_Expiry,-28,,2.0,,,338.8064921423487,Low
58-946-5152,Bread Flour,Grains & Pulses,42-201-4328,Avaveo,11,77,7,1.5,,2024-11-05,2025-10-31,06 Lake View Trail,77,46.0,Backordered,Not_Expired,19,,16.5,,,184.40296419630843,Low
02-575-1980,Plum,Fruits & Vegetables,61-100-8296,Yambee,11,58,32,4.0,,2024-07-09,2025-10-23,34832 Autumn Leaf Terrace,99,94.0,Active,Not_Expired,11,,44.0,,,-165.2119816463226,High
37-666-3902,Cauliflower,Fruits & Vegetables,58-536-6583,Meevee,19,73,60,2.45,2024-12-03,2024-08-11,2025-07-08,85276 Lakewood Gardens Alley,70,48.0,Backordered,Expired,-96,313.0,46.55,217.0,0.0,-236.9359765255116,Expired
12-439-8428,Eggplant,Fruits & Vegetables,43-542-6868,Ainyx,17,3,33,3.0,,2024-09-14,2025-11-06,6 Rusk Pass,49,17.0,Backordered,Not_Expired,25,,51.0,,,466.8374689238091,Low
12-046-2988,Corn Oil,Oils & Fats,37-630-2250,Youbridge,17,63,66,2.5,,2025-01-24,2025-09-08,931 Browning Center,23,46.0,Backordered,Near_Expiry,-34,,42.5,,,302.0339871510087,Low
14-305-9690,Sushi Rice,Grains & Pulses,13-457-9946,Dabshots,19,17,14,4.3,,2024-06-29,2025-11-22,43107 Schlimgen Circle,58,23.0,Active,Not_Expired,41,,81.7,,,-112.297545990292,High
21-718-6746,Coconut,Fruits & Vegetables,96-012-3393,Eamia,16,53,12,5.0,2024-11-06,2025-01-20,2025-03-21,277 Pawling Terrace,21,29.0,Discontinued,Expired,-205,340.0,80.0,135.0,0.0,224.2555213486164,Expired
03-441-4252,Yogurt,Dairy,11-430-6041,Wordpedia,12,83,93,1.75,,2024-06-28,2025-09-19,6 Bobwhite Alley,22,9.0,Backordered,Near_Expiry,-23,,21.0,,,229.2887717875448,Low
47-663-5703,Basmati Rice,Grains & Pulses,52-062-2916,Kanoodle,15,49,40,4.5,2024-06-12,2024-06-14,2025-09-11,6500 Raven Drive,68,74.0,Discontinued,Near_Expiry,-31,487.0,67.5,456.0,0.0,216.0702825504925,Low
95-262-6208,Black Tea,Beverages,66-227-1125,Devshare,19,78,90,5.0,,2024-04-15,2025-08-11,44662 American Plaza,72,84.0,Discontinued,Expired,-62,,95.0,,,386.6665509381301,Expired
30-591-7275,Brown Rice,Grains & Pulses,12-431-9207,Oyondu,17,88,41,2.5,,2025-02-19,2026-01-02,7020 Porter Trail,45,29.0,Backordered,Not_Expired,82,,42.5,,,114.57426846445584,Low
80-020-8041,Black Rice,Grains & Pulses,66-684-1941,Wordware,11,58,26,6.2,2024-06-06,2024-12-03,2025-12-03,662 Vernon Point,49,34.0,Active,Not_Expired,52,493.0,68.2,545.0,0.0954128440366972,87.61751095483035,Low
73-010-8323,Tuna,Seafood,80-622-6587,Tagcat,16,34,89,18.0,,2024-02-27,2025-12-13,811 Dapin Center,35,52.0,Backordered,Not_Expired,62,,288.0,,,78.97712822778615,Low
00-215-7434,Egg (Goose),Dairy,85-272-3969,Quatz,14,63,74,2.5,,2025-02-19,2025-04-05,389 Ridgeway Park,59,63.0,Backordered,Expired,-190,,35.0,,,92.01714258416276,Expired
43-851-9440,Lime,Fruits & Vegetables,67-674-0287,Camido,14,75,19,1.9,,2024-05-11,2025-05-25,4033 Sloan Hill,100,84.0,Backordered,Expired,-140,,26.6,,,139.04525640538648,Expired
83-727-0814,Basmati Rice,Grains & Pulses,79-656-1990,Yodo,11,87,64,4.5,,2024-06-08,2025-06-08,28 Boyd Pass,29,6.0,Active,Expired,-126,,49.5,,,216.0702825504925,Expired
03-043-9933,Strawberries,Fruits & Vegetables,48-450-4126,Yombu,16,23,76,6.1,,2025-02-09,2025-12-03,884 Fieldstone Plaza,50,27.0,Backordered,Not_Expired,52,,97.6,,,211.048729681245,Low
76-070-1411,Evaporated Milk,Dairy,63-528-0643,Realcube,15,75,78,1.9,2025-01-02,2025-02-12,2025-06-21,87578 Stoughton Parkway,71,21.0,Discontinued,Expired,-113,283.0,28.5,170.0,0.0,-43.55927262806362,Expired
26-134-9069,Whipped Cream,Dairy,80-068-0825,Devcast,14,87,8,4.0,2024-10-03,2024-11-11,2025-05-31,4929 Westend Point,90,14.0,Active,Expired,-134,374.0,56.0,240.0,0.0,142.94719475065983,Expired
11-745-3025,Peach,Fruits & Vegetables,54-711-1582,Oyoloo,15,27,21,4.0,2024-11-06,2025-02-21,2025-03-28,3104 Ridge Oak Hill,37,67.0,Backordered,Expired,-198,340.0,60.0,142.0,0.0,-591.5484886996371,Expired
89-597-6492,Carrot Juice,Beverages,01-690-1319,Peterson LLC,18,40,71,2.26,,2025-03-26,2025-12-18,"7833 Bailey Heights, Lauraside, NM 25354",46,0.0626,Discontinued,Not_Expired,67,,40.67999999999999,,,102.28476612121464,Low
47-221-2470,Pomegranate,Fruits & Vegetables,30-780-7583,Teklist,17,45,44,6.0,,2024-04-03,2025-09-09,60 Messerschmidt Pass,37,16.0,Active,Near_Expiry,-33,,102.0,,,250.4452100370741,Low
47-802-5023,Cod,Seafood,51-010-8144,Buzzster,16,20,45,8.0,,2024-10-18,2025-09-08,7096 Mcguire Park,81,62.0,Active,Near_Expiry,-34,,128.0,,,49.01456681929248,Low
47-221-2470,Pomegranate,Fruits & Vegetables,30-780-7583,Teklist,17,45,44,6.0,,2024-04-03,2025-12-24,60 Messerschmidt Pass,37,16.0,Active,Not_Expired,73,,102.0,,,250.4452100370741,Low
83-727-0814,Basmati Rice,Grains & Pulses,79-656-1990,Yodo,11,87,64,4.5,,2024-06-08,2025-12-04,28 Boyd Pass,29,6.0,Active,Not_Expired,53,,49.5,,,216.0702825504925,Low
48-289-0604,Vegetable Oil,Oils & Fats,94-261-1193,Browseblab,18,72,71,2.0,2024-05-05,2024-08-12,2025-07-12,5 Colorado Park,25,81.0,Active,Expired,-92,525.0,36.0,433.0,0.0,394.1489256321758,Expired
92-551-8504,Raw Sugar,Grains & Pulses,22-836-5101,Livepath,19,81,33,1.5,,2025-02-22,2025-09-16,461 Bluejay Circle,39,85.0,Backordered,Near_Expiry,-26,,28.5,,,,Low
67-512-9754,Egg (Turkey),Dairy,35-941-2585,DabZ,19,100,83,2.5,,2024-07-21,2025-08-10,69 Orin Plaza,66,28.0,Discontinued,Expired,-63,,47.5,,,304.2268710091268,Expired
92-362-3567,Tomato,Fruits & Vegetables,40-056-7748,Fivebridge,11,10,60,2.5,2024-10-10,2024-05-06,2025-11-05,826 Melvin Pass,93,53.0,Discontinued,Not_Expired,24,367.0,27.5,391.0,0.0613810741687979,380.2464878980803,Low
21-718-6746,Coconut,Fruits & Vegetables,96-012-3393,Eamia,16,53,12,5.0,2024-11-06,2025-01-20,2025-10-30,277 Pawling Terrace,21,29.0,Discontinued,Not_Expired,18,340.0,80.0,358.0,0.0502793296089385,224.2555213486164,Low
65-464-5070,Heavy Cream,Dairy,01-517-7793,Ntags,12,60,73,4.0,2025-03-02,2024-03-16,2025-12-25,00 Luster Alley,20,35.0,Discontinued,Not_Expired,74,224.0,48.0,298.0,0.2483221476510067,-216.91690185103897,High
06-858-5680,Sesame Oil,Oils & Fats,63-231-2829,Miboo,15,34,57,6.5,,2025-01-12,2025-12-21,49476 Tony Hill,49,96.0,Discontinued,Not_Expired,70,,97.5,,,251.4401418116192,Low
43-851-9440,Lime,Fruits & Vegetables,67-674-0287,Camido,14,75,19,1.9,,2024-05-11,2025-09-14,4033 Sloan Hill,100,84.0,Backordered,Near_Expiry,-28,,26.6,,,139.04525640538648,Low
94-355-3070,Tilapia,Seafood,73-393-9432,Jabbercube,14,52,80,6.8,,2024-07-13,2025-09-16,116 Spaight Park,64,17.0,Discontinued,Near_Expiry,-26,,95.2,,,-13.465823748048848,High
92-551-8504,Raw Sugar,Grains & Pulses,22-836-5101,Livepath,19,81,33,1.5,,2025-02-22,2025-07-06,461 Bluejay Circle,39,85.0,Backordered,Expired,-98,,28.5,,,,Expired
72-810-9753,Sesame Oil,Oils & Fats,17-359-2527,Yotz,14,84,15,6.5,,2025-02-07,2025-09-13,545 Farwell Lane,51,73.0,Active,Near_Expiry,-29,,91.0,,,251.4401418116192,Low
46-622-3434,Jasmine Rice,Grains & Pulses,85-473-1534,Topdrive,17,19,74,4.75,2024-04-10,2024-12-08,2025-11-02,2 Miller Lane,58,27.0,Discontinued,Not_Expired,21,550.0,80.75,571.0,0.0367775831873905,156.01788447552735,Low
71-594-6552,Long Grain Rice,Grains & Pulses,63-492-7603,Brightbean,12,59,62,1.5,2024-08-12,2025-02-19,2025-10-31,3 Westerfield Crossing,95,99.0,Active,Not_Expired,19,426.0,18.0,445.0,0.0426966292134831,158.04797782950843,Low
61-680-9496,Apple,Fruits & Vegetables,75-448-1356,Wikido,17,14,17,3.5,,2024-10-05,2025-11-18,2 Northridge Street,36,64.0,Discontinued,Not_Expired,37,,59.5,,,207.8903206860131,Low
65-464-5070,Heavy Cream,Dairy,01-517-7793,Ntags,12,60,73,4.0,2025-03-02,2024-03-16,2025-08-30,00 Luster Alley,20,35.0,Discontinued,Expired,-43,224.0,48.0,181.0,0.0,-216.91690185103897,Expired
19-854-3663,Watermelon,Fruits & Vegetables,72-509-7548,Dabjam,13,88,11,3.0,,2024-05-05,2025-04-15,4 Dakota Avenue,100,52.0,Backordered,Expired,-180,,39.0,,,158.94937641088555,Expired
61-680-9496,Apple,Fruits & Vegetables,75-448-1356,Wikido,17,14,17,3.5,,2024-10-05,2025-09-20,2 Northridge Street,36,64.0,Discontinued,Near_Expiry,-22,,59.5,,,207.8903206860131,Low
03-441-4252,Yogurt,Dairy,11-430-6041,Wordpedia,12,83,93,1.75,,2024-06-28,2025-11-18,6 Bobwhite Alley,22,9.0,Backordered,Not_Expired,37,,21.0,,,229.2887717875448,Low
99-561-4871,Haddock,Seafood,04-786-5408,Buzzdog,17,38,93,9.0,,2024-08-20,2025-08-03,952 Rowland Junction,100,63.0,Active,Expired,-70,,153.0,,,169.92446667498484,Expired
79-884-8810,Cucumber,Fruits & Vegetables,14-108-0409,Dabtype,12,93,29,1.75,,2024-12-06,2025-07-18,546 Declaration Place,45,12.0,Backordered,Expired,-86,,21.0,,,274.8379054875462,Expired
31-211-5803,Oatmeal Biscuit,Bakery,75-503-9347,Gigazoom,16,9,32,5.0,,2024-08-21,2025-12-10,492 Shoshone Road,50,98.0,Backordered,Not_Expired,59,,80.0,,,-184.66093546665093,High
00-357-2313,Avocado Oil,Oils & Fats,93-619-6639,Quamba,10,86,23,10.0,,2024-11-26,2025-07-08,0 Oxford Crossing,24,52.0,Backordered,Expired,-96,,100.0,,,329.5834010377241,Expired
37-610-1999,Halibut,Seafood,19-985-9694,Wikizz,14,67,65,20.0,,2024-10-19,2025-09-19,3 John Wall Point,71,94.0,Discontinued,Near_Expiry,-23,,280.0,,,162.40433594151312,Low
57-167-0669,Haddock,Seafood,30-934-3251,Rhybox,19,99,78,9.0,,2025-02-17,2025-10-16,1005 Lyons Junction,29,54.0,Discontinued,Not_Expired,4,,171.0,,,169.92446667498484,Low
99-561-4871,Haddock,Seafood,04-786-5408,Buzzdog,17,38,93,9.0,,2024-08-20,2025-09-13,952 Rowland Junction,100,63.0,Active,Near_Expiry,-29,,153.0,,,169.92446667498484,Low
79-884-8810,Cucumber,Fruits & Vegetables,14-108-0409,Dabtype,12,93,29,1.75,,2024-12-06,2025-10-14,546 Declaration Place,45,12.0,Backordered,Not_Expired,2,,21.0,,,274.8379054875462,Low
37-606-0510,Milk,Dairy,09-489-6314,Jabbercube,18,64,86,1.0,,2024-06-09,2025-06-11,53 Homewood Alley,73,38.0,Active,Expired,-123,,18.0,,,169.499096203225,Expired
93-014-4256,Green Beans,Fruits & Vegetables,37-599-8579,BlogXS,19,92,41,2.0,2025-05-01,2025-01-11,2025-09-17,6 Bay Road,51,79.0,Active,Near_Expiry,-25,164.0,38.0,139.0,0.0,280.944632259253,Low
63-822-5278,Pomegranate,Fruits & Vegetables,27-636-1606,Kamba,14,66,1,6.0,,2024-12-13,2025-09-16,5900 Vahlen Avenue,86,15.0,Backordered,Near_Expiry,-26,,84.0,,,250.4452100370741,Low
66-993-4234,Cucumber,Fruits & Vegetables,15-852-0491,Gigazoom,13,60,100,1.8,,2025-01-16,2025-09-19,22 Dexter Trail,44,32.0,Backordered,Near_Expiry,-23,,23.4,,,274.8379054875462,Low
30-591-7275,Brown Rice,Grains & Pulses,12-431-9207,Oyondu,17,88,41,2.5,,2025-02-19,2025-09-16,7020 Porter Trail,45,29.0,Backordered,Near_Expiry,-26,,42.5,,,114.57426846445584,Low
98-652-9569,Butter Biscuit,Bakery,65-160-1426,Ooba,12,7,23,6.0,2025-06-02,2025-02-17,2025-09-11,32 6th Lane,72,16.0,Discontinued,Near_Expiry,-31,132.0,72.0,101.0,0.0,470.6016250295646,Low
88-951-9038,Black Coffee,Beverages,14-713-5795,Youfeed,11,72,5,15.0,2024-08-07,2024-10-11,2025-03-30,5 Anderson Trail,89,4.0,Active,Expired,-196,431.0,165.0,235.0,0.0,-136.25749100302482,Expired
06-996-3221,Evaporated Milk,Dairy,97-821-7402,Buzzshare,11,9,65,2.0,,2024-12-04,2025-09-20,579 Schlimgen Alley,48,96.0,Discontinued,Near_Expiry,-22,,22.0,,,-43.55927262806362,High
49-377-9731,Lime,Fruits & Vegetables,56-823-5908,Livefish,18,8,68,2.0,2024-02-06,2024-10-03,2025-09-18,3 Meadow Valley Court,54,45.0,Backordered,Near_Expiry,-24,614.0,36.0,590.0,0.0,139.04525640538648,Low
53-667-4109,Onion,Fruits & Vegetables,40-800-4739,Voolith,16,75,42,2.0,,2024-03-21,2025-09-13,992 East Point,22,46.0,Active,Near_Expiry,-29,,32.0,,,228.1212168108649,Low
79-400-6216,Mozzarella Cheese,Dairy,83-361-7509,Devpoint,16,56,13,7.2,2025-10-02,2024-03-10,2025-04-26,4 Warbler Center,56,28.0,Discontinued,Expired,-169,10.0,115.2,-159.0,1.0,471.1808449816888,Expired
94-355-3070,Tilapia,Seafood,73-393-9432,Jabbercube,14,52,80,6.8,,2024-07-13,2025-08-11,116 Spaight Park,64,17.0,Discontinued,Expired,-62,,95.2,,,-13.465823748048848,Expired
45-050-4720,Black Rice,Grains & Pulses,98-791-5014,Voonder,18,78,43,6.0,2025-04-01,2024-07-05,2025-09-08,7 Ridge Oak Pass,85,97.0,Active,Near_Expiry,-34,194.0,108.0,160.0,0.0,87.61751095483035,Low
40-003-7322,White Sugar,Grains & Pulses,41-644-3129,Wordtune,13,32,79,2.0,2024-07-05,2025-02-16,2025-07-16,2693 6th Court,38,61.0,Discontinued,Expired,-88,464.0,26.0,376.0,0.0,-20.69385279942304,Expired
03-043-9933,Strawberries,Fruits & Vegetables,48-450-4126,Yombu,16,23,76,6.1,,2025-02-09,2025-09-17,884 Fieldstone Plaza,50,27.0,Backordered,Near_Expiry,-25,,97.6,,,211.048729681245,Low
84-269-9130,Long Grain Rice,Grains & Pulses,88-615-2915,Flashspan,11,10,80,1.5,2024-05-06,2024-09-27,2025-09-13,49263 Graceland Pass,48,65.0,Discontinued,Near_Expiry,-29,524.0,16.5,495.0,0.0,158.04797782950843,Low
05-899-1428,Avocado Oil,Oils & Fats,17-494-5505,Dabjam,14,75,10,10.0,2024-04-10,2025-01-25,2025-04-22,591 Maple Junction,65,62.0,Active,Expired,-173,550.0,140.0,377.0,0.0,329.5834010377241,Expired
88-183-5781,Whole Wheat Bread,Bakery,49-247-1217,Lazz,17,63,3,3.5,2024-02-08,2024-08-24,2025-09-08,46 Delaware Place,93,26.0,Backordered,Near_Expiry,-34,612.0,59.5,578.0,0.0,,Low
34-086-3222,Lemon,Fruits & Vegetables,34-017-9457,Layo,12,7,48,2.3,,2024-12-25,2025-03-20,867 Merrick Place,66,4.0,Discontinued,Expired,-206,,27.6,,,121.35761688263236,Expired
37-666-3902,Cauliflower,Fruits & Vegetables,58-536-6583,Meevee,19,73,60,2.45,2024-12-03,2024-08-11,2025-10-30,85276 Lakewood Gardens Alley,70,48.0,Backordered,Not_Expired,18,313.0,46.55,331.0,0.0543806646525679,-236.9359765255116,High
28-824-9017,Trout,Seafood,93-712-3934,Flipbug,19,94,17,11.5,,2024-06-08,2025-06-21,4 Jay Terrace,96,74.0,Discontinued,Expired,-113,,218.5,,,247.50512248129075,Expired
95-356-1566,Grapes,Fruits & Vegetables,57-204-2098,Rhynyx,13,61,77,5.5,,2025-02-21,2025-12-09,622 Buena Vista Trail,42,18.0,Backordered,Not_Expired,58,,71.5,,,343.23618137623004,Low
94-355-3070,Tilapia,Seafood,73-393-9432,Jabbercube,14,52,80,6.8,,2024-07-13,2025-10-13,116 Spaight Park,64,17.0,Discontinued,Not_Expired,1,,95.2,,,-13.465823748048848,High
31-211-5803,Oatmeal Biscuit,Bakery,75-503-9347,Gigazoom,16,9,32,5.0,,2024-08-21,2025-04-14,492 Shoshone Road,50,98.0,Backordered,Expired,-181,,80.0,,,-184.66093546665093,Expired
50-329-3145,Milk,Dairy,88-418-3855,Jatri,12,54,48,1.0,2024-06-11,2024-12-20,2025-09-08,591 Maple Wood Drive,31,88.0,Backordered,Near_Expiry,-34,488.0,12.0,454.0,0.0,169.499096203225,Low
31-211-5803,Oatmeal Biscuit,Bakery,75-503-9347,Gigazoom,16,9,32,5.0,,2024-08-21,2025-09-13,492 Shoshone Road,50,98.0,Backordered,Near_Expiry,-29,,80.0,,,-184.66093546665093,High
02-575-1980,Plum,Fruits & Vegetables,61-100-8296,Yambee,11,58,32,4.0,,2024-07-09,2025-09-17,34832 Autumn Leaf Terrace,99,94.0,Active,Near_Expiry,-25,,44.0,,,-165.2119816463226,High
56-635-6764,Sourdough Bread,Bakery,20-257-6927,Avamba,12,59,62,4.5,2024-03-06,2025-01-16,2025-09-11,744 Green Center,75,92.0,Backordered,Near_Expiry,-31,585.0,54.0,554.0,0.0,91.63752067769386,Low
72-810-9753,Sesame Oil,Oils & Fats,17-359-2527,Yotz,14,84,15,6.5,,2025-02-07,2025-10-16,545 Farwell Lane,51,73.0,Active,Not_Expired,4,,91.0,,,251.4401418116192,Low
47-802-5023,Cod,Seafood,51-010-8144,Buzzster,16,20,45,8.0,,2024-10-18,2025-06-08,7096 Mcguire Park,81,62.0,Active,Expired,-126,,128.0,,,49.01456681929248,Expired
12-046-2988,Corn Oil,Oils & Fats,37-630-2250,Youbridge,17,63,66,2.5,,2025-01-24,2025-08-05,931 Browning Center,23,46.0,Backordered,Expired,-68,,42.5,,,302.0339871510087,Expired
06-706-6490,Green Tea,Beverages,85-670-6379,Tanoodle,15,66,85,8.0,,2024-07-03,2025-10-26,443 Browning Terrace,60,40.0,Backordered,Not_Expired,14,,120.0,,,320.245780052184,Low
68-636-4774,Carrot,Fruits & Vegetables,40-436-0171,Gevee,18,50,77,1.45,2024-03-11,2024-08-30,2025-09-08,7744 Oxford Pass,44,19.0,Active,Near_Expiry,-34,580.0,26.1,546.0,0.0,-46.75200385629506,High
74-234-0628,Almond Flour,Grains & Pulses,49-559-7092,Shuffledrive,12,56,92,9.5,2024-08-05,2024-12-15,2025-06-05,2 Veith Crossing,56,6.0,Active,Expired,-129,433.0,114.0,304.0,0.0,-294.96154880079,Expired
20-405-4865,Milk,Dairy,16-019-7101,Centimia,13,39,98,0.9,2024-02-06,2024-11-05,2025-09-18,36483 Burning Wood Pass,46,46.0,Backordered,Near_Expiry,-24,614.0,11.7,590.0,0.0,169.499096203225,Low
86-273-9377,White Rice,Grains & Pulses,38-330-5543,Eimbee,18,86,20,1.8,,2024-12-04,2025-09-14,1 Hollow Ridge Park,64,34.0,Discontinued,Near_Expiry,-28,,32.4,,,360.4720240167858,Low
93-014-4256,Green Beans,Fruits & Vegetables,37-599-8579,BlogXS,19,92,41,2.0,2025-05-01,2025-01-11,2025-11-29,6 Bay Road,51,79.0,Active,Not_Expired,48,164.0,38.0,212.0,0.2264150943396226,280.944632259253,Low
95-449-1286,Egg (Chicken),Dairy,18-260-7354,Realfire,10,17,70,0.2,,2024-12-23,2025-12-03,1 Jackson Pass,100,63.0,Backordered,Not_Expired,52,,2.0,,,338.8064921423487,Low
12-798-9401,Cream,Dairy,96-609-6152,Thoughtblab,18,14,77,2.5,2025-05-01,2024-05-12,2025-07-17,5 Forster Point,78,4.0,Backordered,Expired,-87,164.0,45.0,77.0,0.0,92.38409585744772,Expired
95-356-1566,Grapes,Fruits & Vegetables,57-204-2098,Rhynyx,13,61,77,5.5,,2025-02-21,2025-07-05,622 Buena Vista Trail,42,18.0,Backordered,Expired,-99,,71.5,,,343.23618137623004,Expired
92-152-5820,Black Tea,Beverages,50-747-2259,Jaloo,18,36,53,5.3,2024-12-05,2024-05-01,2025-11-28,0920 Monica Pass,65,100.0,Active,Not_Expired,47,311.0,95.4,358.0,0.1312849162011173,386.6665509381301,Low
71-594-6552,Long Grain Rice,Grains & Pulses,63-492-7603,Brightbean,12,59,62,1.5,2024-08-12,2025-02-19,2025-09-12,3 Westerfield Crossing,95,99.0,Active,Near_Expiry,-30,426.0,18.0,396.0,0.0,158.04797782950843,Low
58-946-5152,Bread Flour,Grains & Pulses,42-201-4328,Avaveo,11,77,7,1.5,,2024-11-05,2025-09-19,06 Lake View Trail,77,46.0,Backordered,Near_Expiry,-23,,16.5,,,184.40296419630843,Low
62-816-8794,Rice Flour,Grains & Pulses,56-110-5754,Photobug,15,76,81,2.0,,2024-06-17,2025-09-14,04 Blaine Lane,90,26.0,Backordered,Near_Expiry,-28,,30.0,,,939.0930883657584,Low
67-512-9754,Egg (Turkey),Dairy,35-941-2585,DabZ,19,100,83,2.5,,2024-07-21,2025-11-02,69 Orin Plaza,66,28.0,Discontinued,Not_Expired,21,,47.5,,,304.2268710091268,Low
76-340-4432,Cucumber,Fruits & Vegetables,79-915-4185,Brainverse,19,36,72,1.75,2024-03-05,2024-03-28,2025-09-12,157 David Center,31,81.0,Backordered,Near_Expiry,-30,586.0,33.25,556.0,0.0,274.8379054875462,Low
66-993-4234,Cucumber,Fruits & Vegetables,15-852-0491,Gigazoom,13,60,100,1.8,,2025-01-16,2025-03-28,22 Dexter Trail,44,32.0,Backordered,Expired,-198,,23.4,,,274.8379054875462,Expired
83-716-2177,Halibut,Seafood,79-518-8344,Linktype,18,46,26,20.0,2024-10-04,2024-10-10,2026-01-01,26266 Esker Point,57,95.0,Backordered,Not_Expired,81,373.0,360.0,454.0,0.1784140969162995,162.40433594151312,Low
95-356-1566,Grapes,Fruits & Vegetables,57-204-2098,Rhynyx,13,61,77,5.5,,2025-02-21,2025-09-20,622 Buena Vista Trail,42,18.0,Backordered,Near_Expiry,-22,,71.5,,,343.23618137623004,Low
83-727-0814,Basmati Rice,Grains & Pulses,79-656-1990,Yodo,11,87,64,4.5,,2024-06-08,2025-09-09,28 Boyd Pass,29,6.0,Active,Near_Expiry,-33,,49.5,,,216.0702825504925,Low
70-149-6756,Heavy Cream,Dairy,97-150-9199,Skynoodle,14,99,97,4.2,,2025-01-06,2025-05-02,6 Messerschmidt Place,28,45.0,Discontinued,Expired,-163,,58.8,,,-216.91690185103897,Expired
93-015-0811,Pineapple,Fruits & Vegetables,07-055-5188,Gigashots,18,7,58,3.5,,2024-08-05,2025-10-12,1 Pleasure Hill,88,96.0,Discontinued,Not_Expired,0,,63.0,,,373.0627977526834,Low
05-334-2923,Bread Flour,Grains & Pulses,41-772-6271,Browsezoom,14,74,71,1.5,,2024-11-22,2025-07-29,8 Surrey Pass,37,22.0,Discontinued,Expired,-75,,21.0,,,184.40296419630843,Expired
41-735-9837,Robusta Coffee,Beverages,35-462-7569,Devpulse,14,77,78,10.0,2024-02-08,2024-08-28,2025-08-17,2374 Chive Court,32,24.0,Discontinued,Expired,-56,612.0,140.0,556.0,0.0,90.37968609717944,Expired
22-319-1377,White Sugar,Grains & Pulses,82-266-1796,Skyba,14,16,93,2.0,,2024-03-03,2025-12-07,083 Gulseth Pass,39,30.0,Active,Not_Expired,56,,28.0,,,-20.69385279942304,High
73-010-8323,Tuna,Seafood,80-622-6587,Tagcat,16,34,89,18.0,,2024-02-27,2025-09-10,811 Dapin Center,35,52.0,Backordered,Near_Expiry,-32,,288.0,,,78.97712822778615,Low
71-594-6552,Long Grain Rice,Grains & Pulses,63-492-7603,Brightbean,12,59,62,1.5,2024-08-12,2025-02-19,2025-08-20,3 Westerfield Crossing,95,99.0,Active,Expired,-53,426.0,18.0,373.0,0.0,158.04797782950843,Expired
34-086-3222,Lemon,Fruits & Vegetables,34-017-9457,Layo,12,7,48,2.3,,2024-12-25,2025-11-21,867 Merrick Place,66,4.0,Discontinued,Not_Expired,40,,27.6,,,121.35761688263236,Low
28-044-4102,Papaya,Fruits & Vegetables,93-358-1118,Yakijo,19,28,83,4.5,,2024-03-01,2025-09-18,309 Burning Wood Center,91,73.0,Discontinued,Near_Expiry,-24,,85.5,,,238.8951596320066,Low
88-183-5781,Whole Wheat Bread,Bakery,49-247-1217,Lazz,17,63,3,3.5,2024-02-08,2024-08-24,2025-10-20,46 Delaware Place,93,26.0,Backordered,Not_Expired,8,612.0,59.5,620.0,0.0129032258064516,,Low
38-924-3007,Peas,Fruits & Vegetables,83-936-5065,Photolist,12,28,11,3.0,,2025-01-05,2025-07-21,6 Anthes Court,46,88.0,Backordered,Expired,-83,,36.0,,,838.7680573541529,Expired
34-928-2775,Coconut,Fruits & Vegetables,07-959-3210,Browseblab,19,47,25,5.0,,2025-02-24,2025-04-30,7945 Mayer Center,96,37.0,Discontinued,Expired,-165,,95.0,,,224.2555213486164,Expired
12-798-9401,Cream,Dairy,96-609-6152,Thoughtblab,18,14,77,2.5,2025-05-01,2024-05-12,2025-09-12,5 Forster Point,78,4.0,Backordered,Near_Expiry,-30,164.0,45.0,134.0,0.0,92.38409585744772,Low
20-054-3716,Chocolate Biscuit,Bakery,49-591-1019,JumpXS,11,6,100,5.0,2024-05-03,2024-09-16,2025-06-29,39 Lakewood Gardens Center,88,24.0,Discontinued,Expired,-105,527.0,55.0,422.0,0.0,-102.343219131607,Expired
41-735-9837,Robusta Coffee,Beverages,35-462-7569,Devpulse,14,77,78,10.0,2024-02-08,2024-08-28,2026-01-01,2374 Chive Court,32,24.0,Discontinued,Not_Expired,81,612.0,140.0,693.0,0.1168831168831168,90.37968609717944,Low
86-273-9377,White Rice,Grains & Pulses,38-330-5543,Eimbee,18,86,20,1.8,,2024-12-04,2025-08-26,1 Hollow Ridge Park,64,34.0,Discontinued,Expired,-47,,32.4,,,360.4720240167858,Expired
45-050-4720,Black Rice,Grains & Pulses,98-791-5014,Voonder,18,78,43,6.0,2025-04-01,2024-07-05,2025-07-10,7 Ridge Oak Pass,85,97.0,Active,Expired,-94,194.0,108.0,100.0,0.0,87.61751095483035,Expired
21-013-3508,Cabbage,Fruits & Vegetables,64-489-8494,Meevee,12,95,49,1.0,2024-09-06,2024-06-13,2025-07-09,84305 Fair Oaks Plaza,25,23.0,Backordered,Expired,-95,401.0,12.0,306.0,0.0,219.3660424606476,Expired
13-888-0149,Lime,Fruits & Vegetables,09-902-6272,Shufflebeat,75,18,65,2.0,,2024-12-30,2025-09-20,1 Logan Road,32,92.0,Active,Near_Expiry,-22,,150.0,,,139.04525640538648,Low
40-462-2952,Trout,Seafood,57-323-8059,Browsezoom,91,68,80,11.5,2024-12-08,2024-10-14,2025-08-19,0258 Shoshone Center,81,85.0,Backordered,Expired,-54,308.0,1046.5,254.0,0.0,247.50512248129075,Expired
66-716-8221,Cheddar Cheese,Dairy,67-024-9832,LiveZ,70,96,35,9.0,2025-08-02,2024-06-24,2025-11-06,54 Weeping Birch Lane,63,84.0,Backordered,Not_Expired,25,71.0,630.0,96.0,0.2604166666666667,207.35162069355496,Low
94-092-3355,Cauliflower,Fruits & Vegetables,76-641-2070,Flashspan,57,43,46,2.5,,2024-12-01,2025-04-15,929 Thierer Lane,87,88.0,Discontinued,Expired,-180,,142.5,,,-236.9359765255116,Expired
04-104-6993,Buttermilk,Dairy,06-776-1072,Trilia,60,1,42,2.45,,2024-08-27,2025-09-11,55095 Northview Drive,42,91.0,Active,Near_Expiry,-31,,147.0,,,236.138932782056,Low
83-625-3618,Asparagus,Fruits & Vegetables,64-528-9996,Realmix,68,12,73,5.0,2024-05-08,2025-01-11,2025-11-27,2696 Katie Road,84,95.0,Backordered,Not_Expired,46,522.0,340.0,568.0,0.0809859154929577,232.8143773986166,Low
28-968-4195,Eggplant,Fruits & Vegetables,17-562-1176,Blogtag,97,52,80,3.0,,2024-07-17,2025-12-04,5 Loftsgordon Trail,22,90.0,Backordered,Not_Expired,53,,291.0,,,466.8374689238091,Low
90-343-9640,Avocado Oil,Oils & Fats,54-919-9424,Dabtype,53,89,100,10.0,2024-01-07,2024-04-06,2025-09-12,3622 Anhalt Lane,22,83.0,Backordered,Near_Expiry,-30,644.0,530.0,614.0,0.0,329.5834010377241,Low
33-670-6797,Mackerel,Seafood,74-032-7560,Wikido,45,56,64,7.5,,2024-08-26,2025-09-12,2869 Hudson Drive,35,82.0,Discontinued,Near_Expiry,-30,,337.5,,,173.61224428313625,Low
80-227-6886,Garlic,Fruits & Vegetables,91-632-7343,Layo,33,4,31,7.0,,2025-01-12,2025-07-10,4374 Corry Terrace,46,92.0,Active,Expired,-94,,231.0,,,-193.58974963935523,Expired
39-810-2042,Rice Flour,Grains & Pulses,65-620-9866,Quatz,24,2,49,2.0,2024-02-06,2025-01-25,2025-10-10,47817 Oneill Park,98,82.0,Active,Not_Expired,-2,614.0,48.0,612.0,0.0,939.0930883657584,Low
87-272-6544,Egg (Goose),Dairy,93-699-8001,Skalith,90,3,49,2.5,2024-06-05,2024-05-03,2025-09-09,4 Nelson Alley,51,87.0,Discontinued,Near_Expiry,-33,494.0,225.0,461.0,0.0,92.01714258416276,Low
63-918-8253,Mango,Fruits & Vegetables,94-157-1762,Devpulse,53,98,23,5.0,,2024-07-04,2025-09-17,917 Westerfield Terrace,41,84.0,Backordered,Near_Expiry,-25,,265.0,,,114.61869166038532,Low
06-655-5498,Wild Rice,Grains & Pulses,89-574-3430,Kayveo,72,82,52,9.75,2024-03-08,2024-07-09,2025-06-27,8569 Bashford Court,51,95.0,Backordered,Expired,-107,583.0,702.0,476.0,0.0,-395.3924772715741,Expired
02-484-0206,Short Grain Rice,Grains & Pulses,62-011-9357,Quatz,64,97,91,3.0,,2024-08-20,2025-09-20,60 Main Pass,48,100.0,Active,Near_Expiry,-22,,192.0,,,101.8221590043836,Low
98-445-7372,Cod,Seafood,71-676-6562,Roombo,65,79,52,8.0,2024-12-05,2024-10-03,2025-09-15,8531 Manley Court,56,94.0,Discontinued,Near_Expiry,-27,311.0,520.0,284.0,0.0,49.01456681929248,High
38-390-2115,Potato,Fruits & Vegetables,12-433-6490,Rhyzio,42,69,54,1.2,,2024-03-06,2025-09-16,3 Del Mar Point,43,96.0,Active,Near_Expiry,-26,,50.4,,,337.8899901292004,Low
98-909-9395,Cottage Cheese,Dairy,74-119-5491,Feedfire,67,98,92,5.0,,2024-08-31,2025-12-20,43 Heath Street,35,98.0,Backordered,Not_Expired,69,,335.0,,,93.22602456257636,Low
93-772-3085,Banana,Fruits & Vegetables,61-807-0746,Edgetag,39,19,18,13.99,,2024-07-18,2025-11-14,07359 Porter Park,58,90.0,Active,Not_Expired,33,,545.61,,,176.93527720481546,Low
85-781-5386,Salmon,Seafood,89-439-6947,Avavee,78,68,86,15.0,,2024-03-20,2025-12-31,10577 Thierer Plaza,47,95.0,Discontinued,Not_Expired,80,,1170.0,,,206.6083106304432,Low
81-268-5905,Mackerel,Seafood,36-138-9045,Kazio,89,26,36,7.5,,2024-07-30,2025-05-23,85953 Clyde Gallagher Drive,48,94.0,Active,Expired,-142,,667.5,,,173.61224428313625,Expired
83-625-3618,Asparagus,Fruits & Vegetables,64-528-9996,Realmix,68,12,73,5.0,2024-05-08,2025-01-11,2025-09-19,2696 Katie Road,84,95.0,Backordered,Near_Expiry,-23,522.0,340.0,499.0,0.0,232.8143773986166,Low
42-887-6557,Long Grain Rice,Grains & Pulses,49-092-2735,Geba,26,82,19,1.5,,2024-07-10,2025-09-05,61224 Northridge Avenue,76,88.0,Active,Expired,-37,,39.0,,,158.04797782950843,Expired
78-614-4402,Green Beans,Fruits & Vegetables,51-014-4287,Gigazoom,81,99,28,2.0,,2025-02-14,2025-07-06,37 Browning Trail,20,85.0,Discontinued,Expired,-98,,162.0,,,280.944632259253,Expired
96-334-2593,White Tea,Beverages,64-831-3071,Rhycero,60,27,58,25.3,,2024-06-27,2025-05-09,9559 Muir Trail,43,91.0,Active,Expired,-156,,1518.0,,,128.9834521057375,Expired
97-300-7511,Egg (Duck),Dairy,47-687-2255,Katz,37,53,61,1.0,2024-03-04,2024-07-17,2025-08-05,45190 Fordem Court,90,89.0,Backordered,Expired,-68,587.0,37.0,519.0,0.0,22.159817150970238,Expired
13-900-9016,Bell Pepper,Fruits & Vegetables,63-969-9608,Meetz,89,96,94,4.5,2024-10-06,2025-01-06,2025-09-17,521 Burning Wood Trail,38,96.0,Discontinued,Near_Expiry,-25,371.0,400.5,346.0,0.0,313.5619827449208,Low
49-570-8214,Sour Cream,Dairy,17-345-5800,Realblab,81,76,10,4.0,,2024-05-27,2025-12-04,1823 Elgar Park,68,100.0,Backordered,Not_Expired,53,,324.0,,,215.82384939701885,Low
27-269-5260,Pineapple,Fruits & Vegetables,54-724-8610,Rhyloo,14,81,65,3.5,,2024-03-15,2025-11-30,1661 Springview Terrace,74,84.0,Active,Not_Expired,49,,49.0,,,373.0627977526834,Low
68-761-6907,Zucchini,Fruits & Vegetables,31-199-3683,Brainverse,26,18,62,2.5,,2024-07-21,2025-09-13,9695 Alpine Trail,57,86.0,Discontinued,Near_Expiry,-29,,65.0,,,284.81467513721384,Low
78-614-4402,Green Beans,Fruits & Vegetables,51-014-4287,Gigazoom,81,99,28,2.0,,2025-02-14,2025-10-23,37 Browning Trail,20,85.0,Discontinued,Not_Expired,11,,162.0,,,280.944632259253,Low
37-610-1999,Halibut,Seafood,19-985-9694,Wikizz,14,67,65,20.0,,2024-10-19,2025-10-24,3 John Wall Point,71,94.0,Discontinued,Not_Expired,12,,280.0,,,162.40433594151312,Low
27-269-5260,Pineapple,Fruits & Vegetables,54-724-8610,Rhyloo,14,81,65,3.5,,2024-03-15,2025-09-10,1661 Springview Terrace,74,84.0,Active,Near_Expiry,-32,,49.0,,,373.0627977526834,Low
06-340-6856,Wild Rice,Grains & Pulses,11-005-7835,Podcat,41,56,12,9.75,2024-06-05,2024-11-25,2025-09-10,84 Rusk Terrace,93,88.0,Active,Near_Expiry,-32,494.0,399.75,462.0,0.0,-395.3924772715741,High
55-631-7937,Greek Yogurt,Dairy,79-508-5241,Avamba,26,54,90,3.0,,2024-06-19,2025-09-11,82 Drewry Junction,25,81.0,Active,Near_Expiry,-31,,78.0,,,315.06513227678954,Low
92-455-2959,Robusta Coffee,Beverages,13-109-8639,Katz,59,62,57,10.3,2024-11-09,2024-07-16,2025-07-22,0 Ohio Hill,90,94.0,Backordered,Expired,-82,337.0,607.7,255.0,0.0,90.37968609717944,Expired
46-931-6897,Cream,Dairy,22-946-8052,Meevee,29,32,26,2.5,,2024-06-15,2025-09-19,44 Kensington Road,64,85.0,Discontinued,Near_Expiry,-23,,72.5,,,92.38409585744772,Low
74-845-3299,Green Tea,Beverages,21-792-1000,Oyoyo,63,92,26,8.0,,2025-02-12,2025-09-13,2 Petterle Road,93,99.0,Active,Near_Expiry,-29,,504.0,,,320.245780052184,Low
39-629-5554,Egg (Goose),Dairy,67-679-4930,Muxo,44,90,17,2.5,2025-03-02,2024-04-09,2025-07-27,267 International Plaza,21,91.0,Discontinued,Expired,-77,224.0,110.0,147.0,0.0,92.01714258416276,Expired
55-631-7937,Greek Yogurt,Dairy,79-508-5241,Avamba,26,54,90,3.0,,2024-06-19,2025-12-26,82 Drewry Junction,25,81.0,Active,Not_Expired,75,,78.0,,,315.06513227678954,Low
07-970-9352,Bell Pepper,Fruits & Vegetables,14-724-4622,Tagtune,96,33,72,4.45,2024-10-03,2024-05-16,2025-12-10,459 Gateway Pass,74,100.0,Active,Not_Expired,59,374.0,427.2000000000001,433.0,0.1362586605080831,313.5619827449208,Low
04-104-6993,Buttermilk,Dairy,06-776-1072,Trilia,60,1,42,2.45,,2024-08-27,2025-03-17,55095 Northview Drive,42,91.0,Active,Expired,-209,,147.0,,,236.138932782056,Expired
38-924-3007,Peas,Fruits & Vegetables,83-936-5065,Photolist,12,28,11,3.0,,2025-01-05,2025-09-09,6 Anthes Court,46,88.0,Backordered,Near_Expiry,-33,,36.0,,,838.7680573541529,Low
28-197-9246,Powdered Sugar,Grains & Pulses,31-281-2352,Riffwire,47,30,16,2.5,2024-10-03,2024-07-11,2025-09-08,8499 Hanover Terrace,22,81.0,Active,Near_Expiry,-34,374.0,117.5,340.0,0.0,292.5315417244782,Low
03-149-9760,Whipped Cream,Dairy,08-141-2402,Yotz,92,99,93,4.0,,2024-07-13,2025-05-12,554 Eliot Point,43,90.0,Discontinued,Expired,-153,,368.0,,,142.94719475065983,Expired
97-300-7511,Egg (Duck),Dairy,47-687-2255,Katz,37,53,61,1.0,2024-03-04,2024-07-17,2025-10-30,45190 Fordem Court,90,89.0,Backordered,Not_Expired,18,587.0,37.0,605.0,0.0297520661157024,22.159817150970238,High
88-602-8210,Avocado Oil,Oils & Fats,26-411-9126,Skajo,99,96,39,10.0,,2024-06-19,2025-12-15,042 Di Loreto Court,94,89.0,Backordered,Not_Expired,64,,990.0,,,329.5834010377241,Low
47-554-5780,Haddock,Seafood,62-979-5038,Babbleopia,93,62,65,9.0,2024-09-06,2024-06-22,2025-09-17,1 Westport Crossing,78,87.0,Active,Near_Expiry,-25,401.0,837.0,376.0,0.0,169.92446667498484,Low
56-635-6764,Sourdough Bread,Bakery,20-257-6927,Avamba,12,59,62,4.5,2024-03-06,2025-01-16,2025-08-14,744 Green Center,75,92.0,Backordered,Expired,-59,585.0,54.0,526.0,0.0,91.63752067769386,Expired
79-569-8856,Vegetable Oil,Oils & Fats,04-854-7165,Digitube,51,87,86,2.0,2024-01-04,2024-05-19,2025-09-20,03643 Oakridge Lane,24,83.0,Backordered,Near_Expiry,-22,647.0,102.0,625.0,0.0,394.1489256321758,Low
66-268-8345,Greek Yogurt,Dairy,32-182-1895,Thoughtstorm,91,84,11,3.0,2024-04-12,2024-06-02,2025-10-08,550 Clemons Plaza,56,90.0,Active,Not_Expired,-4,548.0,273.0,544.0,0.0,315.06513227678954,Low
44-408-7594,Eggplant,Fruits & Vegetables,08-828-3804,Eire,39,21,5,3.0,,2024-05-01,2025-03-23,81 Oneill Circle,51,98.0,Backordered,Expired,-203,,117.0,,,466.8374689238091,Expired
74-294-3760,Peanut Oil,Oils & Fats,81-233-6894,Babblestorm,49,17,54,4.0,,2024-11-30,2025-12-06,0109 Stang Terrace,45,96.0,Discontinued,Not_Expired,55,,196.0,,,198.64112838379907,Low
44-480-9446,Sunflower Oil,Oils & Fats,35-000-6015,Aibox,39,13,13,2.5,,2025-02-19,2025-07-08,43591 East Road,84,93.0,Active,Expired,-96,,97.5,,,408.83899176420647,Expired
17-647-0503,Cod,Seafood,69-416-9493,Katz,96,12,8,8.0,2024-11-05,2024-05-24,2025-09-12,0 Village Green Street,97,92.0,Active,Near_Expiry,-30,341.0,768.0,311.0,0.0,49.01456681929248,High
02-034-6209,Sour Cream,Dairy,34-724-1913,Yodel,22,43,3,4.1,2025-01-02,2024-07-26,2025-09-12,96 Brown Drive,45,87.0,Backordered,Near_Expiry,-30,283.0,90.2,253.0,0.0,215.82384939701885,Low
58-182-6781,Oatmeal Biscuit,Bakery,75-328-1709,Pixope,34,55,22,5.0,2024-11-10,2024-06-29,2025-04-30,86 Maryland Junction,77,85.0,Active,Expired,-165,336.0,170.0,171.0,0.0,-184.66093546665093,Expired
11-733-1756,Rice Flour,Grains & Pulses,27-970-8649,Mynte,52,81,53,2.0,,2024-11-27,2025-09-10,127 Eliot Road,95,88.0,Backordered,Near_Expiry,-32,,104.0,,,939.0930883657584,Low
87-104-0187,Whole Wheat Flour,Grains & Pulses,41-881-1166,Rhyloo,86,100,78,2.75,2024-06-04,2024-05-28,2025-07-17,0 Moose Lane,52,91.0,Backordered,Expired,-87,495.0,236.5,408.0,0.0,155.29952554306962,Expired
50-679-2072,Canola Oil,Oils & Fats,81-588-5701,Thoughtmix,97,32,43,2.3,2024-06-10,2024-05-03,2025-03-21,20 Butterfield Lane,82,98.0,Active,Expired,-205,489.0,223.1,284.0,0.0,151.5223229697881,Expired
30-806-3823,Jasmine Rice,Grains & Pulses,36-451-3173,Topicware,53,26,3,4.75,2024-02-03,2024-07-04,2025-12-22,07 Pankratz Point,100,94.0,Active,Not_Expired,71,617.0,251.75,688.0,0.1031976744186046,156.01788447552735,Low
15-905-7750,Apricot,Fruits & Vegetables,48-176-1622,Skinix,42,61,52,5.0,2024-02-12,2025-01-31,2025-09-19,36687 Maple Avenue,86,99.0,Backordered,Near_Expiry,-23,608.0,210.0,585.0,0.0,72.83903148790874,Low
22-778-3553,Cheddar Cheese,Dairy,49-590-1752,Quaxo,36,77,49,9.0,2024-10-04,2024-10-24,2025-03-30,0782 Dapin Avenue,30,84.0,Active,Expired,-196,373.0,324.0,177.0,0.0,207.35162069355496,Expired
60-343-3288,Tilapia,Seafood,22-940-6543,Vipe,85,92,66,6.7,,2025-01-01,2025-04-25,6 Hanover Terrace,54,85.0,Backordered,Expired,-170,,569.5,,,-13.465823748048848,Expired
94-092-3355,Cauliflower,Fruits & Vegetables,76-641-2070,Flashspan,57,43,46,2.5,,2024-12-01,2025-09-18,929 Thierer Lane,87,88.0,Discontinued,Near_Expiry,-24,,142.5,,,-236.9359765255116,High
90-773-9557,Butter,Dairy,02-165-5779,Npath,85,28,21,3.0,,2024-06-30,2025-07-25,904 Del Mar Crossing,45,89.0,Active,Expired,-79,,255.0,,,198.92274340642896,Expired
11-581-9869,Carrot,Fruits & Vegetables,22-867-3079,Avaveo,51,60,98,1.5,2024-01-05,2024-12-12,2025-09-11,44801 Myrtle Center,44,95.0,Discontinued,Near_Expiry,-31,646.0,76.5,615.0,0.0,-46.75200385629506,High
93-342-8794,Bread Flour,Grains & Pulses,93-688-1260,Realblab,84,91,86,1.5,2025-08-01,2024-12-07,2025-07-18,39102 Division Trail,83,95.0,Backordered,Expired,-86,72.0,126.0,-14.0,1.0,184.40296419630843,Expired
15-144-9413,Strawberries,Fruits & Vegetables,08-912-0895,Meevee,58,15,87,5.9,2024-10-07,2024-06-30,2025-05-05,3 Buhler Place,52,81.0,Backordered,Expired,-160,370.0,342.20000000000005,210.0,0.0,211.048729681245,Expired
27-757-4489,Egg (Goose),Dairy,04-456-0715,Abatz,35,78,68,2.5,2024-12-04,2025-01-19,2025-08-27,27535 Morrow Avenue,95,91.0,Discontinued,Expired,-46,312.0,87.5,266.0,0.0,92.01714258416276,Expired
53-080-8252,Sourdough Bread,Bakery,73-744-7022,Thoughtstorm,30,85,21,4.5,,2024-09-24,2025-04-03,2 Grayhawk Junction,32,83.0,Discontinued,Expired,-192,,135.0,,,91.63752067769386,Expired
50-679-2072,Canola Oil,Oils & Fats,81-588-5701,Thoughtmix,97,32,43,2.3,2024-06-10,2024-05-03,2025-10-22,20 Butterfield Lane,82,98.0,Active,Not_Expired,10,489.0,223.1,499.0,0.0200400801603206,151.5223229697881,Low
02-034-6209,Sour Cream,Dairy,34-724-1913,Yodel,22,43,3,4.1,2025-01-02,2024-07-26,2025-03-16,96 Brown Drive,45,87.0,Backordered,Expired,-210,283.0,90.2,73.0,0.0,215.82384939701885,Expired
22-266-9291,Sardines,Seafood,15-550-0171,Vinder,11,17,59,6.0,,2024-03-27,2025-06-29,111 David Hill,69,100.0,Backordered,Expired,-105,,66.0,,,149.94009312325716,Expired
68-761-6907,Zucchini,Fruits & Vegetables,31-199-3683,Brainverse,26,18,62,2.5,,2024-07-21,2025-07-11,9695 Alpine Trail,57,86.0,Discontinued,Expired,-93,,65.0,,,284.81467513721384,Expired
27-757-4489,Egg (Goose),Dairy,04-456-0715,Abatz,35,78,68,2.5,2024-12-04,2025-01-19,2025-09-09,27535 Morrow Avenue,95,91.0,Discontinued,Near_Expiry,-33,312.0,87.5,279.0,0.0,92.01714258416276,Low
58-005-5343,Cucumber,Fruits & Vegetables,83-401-2709,Youbridge,38,94,87,1.8,,2024-05-03,2025-09-13,43211 Lakeland Place,89,100.0,Discontinued,Near_Expiry,-29,,68.4,,,274.8379054875462,Low
95-262-6208,Black Tea,Beverages,66-227-1125,Devshare,19,78,90,5.0,,2024-04-15,2025-09-16,44662 American Plaza,72,84.0,Discontinued,Near_Expiry,-26,,95.0,,,386.6665509381301,Low
29-823-6004,Zucchini,Fruits & Vegetables,10-295-7996,Trudeo,52,79,87,2.5,2024-11-06,2024-04-04,2025-09-11,3 Lawn Park,36,100.0,Discontinued,Near_Expiry,-31,340.0,130.0,309.0,0.0,284.81467513721384,Low
30-996-2526,Green Beans,Fruits & Vegetables,30-942-0054,Izio,86,90,39,2.1,,2024-02-28,2025-12-07,77 Monterey Avenue,98,85.0,Active,Not_Expired,56,,180.6,,,280.944632259253,Low
13-900-9016,Bell Pepper,Fruits & Vegetables,63-969-9608,Meetz,89,96,94,4.5,2024-10-06,2025-01-06,2025-12-24,521 Burning Wood Trail,38,96.0,Discontinued,Not_Expired,73,371.0,400.5,444.0,0.1644144144144144,313.5619827449208,Low
44-552-3909,Pear,Fruits & Vegetables,80-863-1186,Riffwire,61,50,9,4.5,2024-08-10,2024-02-26,2025-10-14,6 Charing Cross Circle,24,92.0,Active,Not_Expired,2,428.0,274.5,430.0,0.0046511627906976,204.97774732095124,Low
85-212-2729,Egg (Turkey),Dairy,58-226-6435,Browsecat,42,94,79,2.5,,2024-12-21,2025-09-15,93 Longview Junction,61,92.0,Backordered,Near_Expiry,-27,,105.0,,,304.2268710091268,Low
98-064-4465,Mozzarella Cheese,Dairy,93-719-9817,Feedfire,96,38,17,7.0,,2024-10-01,2025-09-14,109 Twin Pines Avenue,72,84.0,Active,Near_Expiry,-28,,672.0,,,471.1808449816888,Low
03-940-0630,Sunflower Oil,Oils & Fats,49-762-8263,Skibox,23,43,75,2.5,2024-08-11,2024-10-31,2025-09-14,27408 Burning Wood Street,91,86.0,Discontinued,Near_Expiry,-28,427.0,57.5,399.0,0.0,408.83899176420647,Low
85-781-5386,Salmon,Seafood,89-439-6947,Avavee,78,68,86,15.0,,2024-03-20,2025-08-03,10577 Thierer Plaza,47,95.0,Discontinued,Expired,-70,,1170.0,,,206.6083106304432,Expired
88-602-8210,Avocado Oil,Oils & Fats,26-411-9126,Skajo,99,96,39,10.0,,2024-06-19,2025-06-27,042 Di Loreto Court,94,89.0,Backordered,Expired,-107,,990.0,,,329.5834010377241,Expired
60-311-5701,Sesame Oil,Oils & Fats,07-578-7055,Shuffledrive,39,78,97,6.5,,2024-10-19,2025-08-10,9 Meadow Vale Drive,54,89.0,Backordered,Expired,-63,,253.5,,,251.4401418116192,Expired
70-005-5970,Apple,Fruits & Vegetables,18-490-4140,Skaboo,84,46,80,3.5,,2024-10-02,2025-12-24,82955 Dayton Street,66,84.0,Discontinued,Not_Expired,73,,294.0,,,207.8903206860131,Low
80-227-6886,Garlic,Fruits & Vegetables,91-632-7343,Layo,33,4,31,7.0,,2025-01-12,2025-12-14,4374 Corry Terrace,46,92.0,Active,Not_Expired,63,,231.0,,,-193.58974963935523,High
87-097-5691,Robusta Coffee,Beverages,26-213-7885,Photofeed,62,78,97,10.0,2024-08-04,2024-08-29,2025-09-09,236 Gateway Lane,62,97.0,Discontinued,Near_Expiry,-33,434.0,620.0,401.0,0.0,90.37968609717944,Low
06-340-6856,Wild Rice,Grains & Pulses,11-005-7835,Podcat,41,56,12,9.75,2024-06-05,2024-11-25,2026-01-02,84 Rusk Terrace,93,88.0,Active,Not_Expired,82,494.0,399.75,576.0,0.1423611111111111,-395.3924772715741,High
39-768-8205,Egg (Turkey),Dairy,07-987-4536,Gigabox,56,97,29,2.5,,2024-07-17,2025-12-03,32 Rigney Terrace,82,100.0,Backordered,Not_Expired,52,,140.0,,,304.2268710091268,Low
30-806-3823,Jasmine Rice,Grains & Pulses,36-451-3173,Topicware,53,26,3,4.75,2024-02-03,2024-07-04,2025-05-19,07 Pankratz Point,100,94.0,Active,Expired,-146,617.0,251.75,471.0,0.0,156.01788447552735,Expired
06-655-5498,Wild Rice,Grains & Pulses,89-574-3430,Kayveo,72,82,52,9.75,2024-03-08,2024-07-09,2025-10-29,8569 Bashford Court,51,95.0,Backordered,Not_Expired,17,583.0,702.0,600.0,0.0283333333333333,-395.3924772715741,High
38-390-2115,Potato,Fruits & Vegetables,12-433-6490,Rhyzio,42,69,54,1.2,,2024-03-06,2025-12-15,3 Del Mar Point,43,96.0,Active,Not_Expired,64,,50.4,,,337.8899901292004,Low
51-069-0489,Bread Flour,Grains & Pulses,19-978-0708,Oloo,96,83,50,1.5,2024-04-10,2024-03-30,2025-11-18,3 Anthes Place,81,89.0,Discontinued,Not_Expired,37,550.0,144.0,587.0,0.0630323679727427,184.40296419630843,Low
22-621-2774,Strawberries,Fruits & Vegetables,70-901-6191,Babblestorm,54,26,16,6.0,2024-11-03,2024-06-30,2025-09-18,00 Drewry Court,63,97.0,Active,Near_Expiry,-24,343.0,324.0,319.0,0.0,211.048729681245,Low
15-240-6267,Eggplant,Fruits & Vegetables,12-983-3026,Mybuzz,91,55,94,3.0,2024-11-03,2024-04-10,2025-09-12,25784 Old Gate Crossing,42,93.0,Active,Near_Expiry,-30,343.0,273.0,313.0,0.0,466.8374689238091,Low
27-757-4489,Egg (Goose),Dairy,04-456-0715,Abatz,35,78,68,2.5,2024-12-04,2025-01-19,2025-12-09,27535 Morrow Avenue,95,91.0,Discontinued,Not_Expired,58,312.0,87.5,370.0,0.1567567567567567,92.01714258416276,Low
26-799-3714,Robusta Coffee,Beverages,50-877-0990,Mymm,74,2,45,10.0,,2025-02-03,2025-09-12,49225 Homewood Place,37,99.0,Active,Near_Expiry,-30,,740.0,,,90.37968609717944,Low
10-555-5971,Sourdough Bread,Bakery,30-410-3509,Gigashots,94,56,80,4.0,2025-04-01,2024-12-02,2025-11-10,8425 New Castle Parkway,47,96.0,Backordered,Not_Expired,29,194.0,376.0,223.0,0.1300448430493273,91.63752067769386,High
81-268-5905,Mackerel,Seafood,36-138-9045,Kazio,89,26,36,7.5,,2024-07-30,2025-11-26,85953 Clyde Gallagher Drive,48,94.0,Active,Not_Expired,45,,667.5,,,173.61224428313625,Low
03-940-0630,Sunflower Oil,Oils & Fats,49-762-8263,Skibox,23,43,75,2.5,2024-08-11,2024-10-31,2025-06-28,27408 Burning Wood Street,91,86.0,Discontinued,Expired,-106,427.0,57.5,321.0,0.0,408.83899176420647,Expired
02-575-1980,Plum,Fruits & Vegetables,61-100-8296,Yambee,11,58,32,4.0,,2024-07-09,2025-08-19,34832 Autumn Leaf Terrace,99,94.0,Active,Expired,-54,,44.0,,,-165.2119816463226,Expired
35-621-2546,Swiss Cheese,Dairy,14-190-2260,Skiptube,85,89,41,8.0,,2024-04-07,2025-11-28,3 Fairfield Center,68,93.0,Discontinued,Not_Expired,47,,680.0,,,361.9776381923844,Low
36-679-4670,Bell Pepper,Fruits & Vegetables,60-508-7567,Fatz,90,22,20,4.5,,2025-02-22,2025-09-17,5 Warner Court,81,88.0,Backordered,Near_Expiry,-25,,405.0,,,313.5619827449208,Low
15-045-8444,Green Coffee,Beverages,29-143-2001,Aibox,27,12,93,12.0,2024-04-03,2024-07-12,2025-09-12,97 Thierer Terrace,88,83.0,Discontinued,Near_Expiry,-30,557.0,324.0,527.0,0.0,96.546588844821,Low
55-522-8242,Whipped Cream,Dairy,48-884-5431,Feedbug,29,36,40,4.0,2024-08-11,2024-03-30,2025-09-09,7 Spohn Avenue,60,96.0,Backordered,Near_Expiry,-33,427.0,116.0,394.0,0.0,142.94719475065983,Low
66-716-8221,Cheddar Cheese,Dairy,67-024-9832,LiveZ,70,96,35,9.0,2025-08-02,2024-06-24,2025-05-21,54 Weeping Birch Lane,63,84.0,Backordered,Expired,-144,71.0,630.0,-73.0,1.0,207.35162069355496,Expired
33-807-7247,Mozzarella Cheese,Dairy,94-453-3755,Blogspan,58,17,26,7.0,,2024-07-07,2025-12-17,63464 Jana Court,62,89.0,Backordered,Not_Expired,66,,406.0,,,471.1808449816888,Low
27-442-3654,Herbal Tea,Beverages,57-544-2465,Yoveo,59,17,1,30.0,,2024-08-26,2025-10-23,67677 Lakewood Gardens Way,69,82.0,Active,Not_Expired,11,,1770.0,,,202.77558812549643,Low
22-266-9291,Sardines,Seafood,15-550-0171,Vinder,11,17,59,6.0,,2024-03-27,2025-09-09,111 David Hill,69,100.0,Backordered,Near_Expiry,-33,,66.0,,,149.94009312325716,Low
10-555-5971,Sourdough Bread,Bakery,30-410-3509,Gigashots,94,56,80,4.0,2025-04-01,2024-12-02,2025-07-26,8425 New Castle Parkway,47,96.0,Backordered,Expired,-78,194.0,376.0,116.0,0.0,91.63752067769386,Expired
13-888-0149,Lime,Fruits & Vegetables,09-902-6272,Shufflebeat,75,18,65,2.0,,2024-12-30,2025-03-27,1 Logan Road,32,92.0,Active,Expired,-199,,150.0,,,139.04525640538648,Expired
28-968-4195,Eggplant,Fruits & Vegetables,17-562-1176,Blogtag,97,52,80,3.0,,2024-07-17,2025-08-10,5 Loftsgordon Trail,22,90.0,Backordered,Expired,-63,,291.0,,,466.8374689238091,Expired
76-340-4432,Cucumber,Fruits & Vegetables,79-915-4185,Brainverse,19,36,72,1.75,2024-03-05,2024-03-28,2025-06-14,157 David Center,31,81.0,Backordered,Expired,-120,586.0,33.25,466.0,0.0,274.8379054875462,Expired
90-343-9640,Avocado Oil,Oils & Fats,54-919-9424,Dabtype,53,89,100,10.0,2024-01-07,2024-04-06,2025-08-16,3622 Anhalt Lane,22,83.0,Backordered,Expired,-57,644.0,530.0,587.0,0.0,329.5834010377241,Expired
31-627-6025,White Bread,Bakery,17-084-8551,Ozu,56,62,64,2.5,,2024-09-03,2025-07-15,44638 Corscot Lane,56,73.0,Backordered,Expired,-89,,140.0,,,-5.732604819301869,Expired
82-041-7211,Swiss Cheese,Dairy,03-615-0558,Reallinks,49,49,26,8.0,2024-10-09,2024-05-19,2025-04-26,285 1st Park,78,61.0,Discontinued,Expired,-169,368.0,392.0,199.0,0.0,361.9776381923844,Expired
08-703-1382,Peach,Fruits & Vegetables,29-975-3449,Wikizz,40,53,7,4.0,,2024-03-06,2025-05-31,082 Clove Plaza,70,20.0,Backordered,Expired,-134,,160.0,,,-591.5484886996371,Expired
12-828-1063,Mozzarella Cheese,Dairy,48-707-5857,Buzzdog,36,82,85,7.1,,2024-03-29,2025-04-24,018 Oxford Crossing,27,67.0,Discontinued,Expired,-171,,255.6,,,471.1808449816888,Expired
86-330-0214,Arabica Coffee,Beverages,87-840-7803,Jayo,36,64,63,20.0,,2025-02-18,2025-07-31,5818 Twin Pines Place,91,35.0,Backordered,Expired,-73,,720.0,,,-159.21593435841538,Expired
27-881-1177,Green Tea,Beverages,64-807-5250,Skalith,34,47,99,8.0,,2024-07-03,2025-06-09,1223 Monument Drive,97,47.0,Backordered,Expired,-125,,272.0,,,320.245780052184,Expired
63-897-8088,Zucchini,Fruits & Vegetables,82-313-4469,Skibox,63,56,33,2.5,2025-09-01,2024-06-07,2025-05-30,7944 Elgar Alley,35,16.0,Backordered,Expired,-135,41.0,157.5,-94.0,1.0,284.81467513721384,Expired
89-602-6755,Milk,Dairy,51-054-3811,BlogXS,74,90,26,1.0,,2025-02-07,2025-07-10,4 Bashford Court,24,11.0,Discontinued,Expired,-94,,74.0,,,169.499096203225,Expired
19-377-5021,Mackerel,Seafood,34-014-5873,Skynoodle,91,96,90,7.5,,2024-08-11,2025-07-04,884 Sloan Drive,90,75.0,Backordered,Expired,-100,,682.5,,,173.61224428313625,Expired
70-542-4269,Gouda Cheese,Dairy,27-772-7906,Gigazoom,41,22,11,7.0,,2024-04-23,2025-03-13,7 Victoria Hill,86,30.0,Active,Expired,-213,,287.0,,,-64.03228901467268,Expired
71-085-4290,Cucumber,Fruits & Vegetables,26-593-3478,Eire,31,98,72,1.8,,2024-10-07,2025-08-09,2 Basil Street,91,29.0,Active,Expired,-64,,55.8,,,274.8379054875462,Expired
53-146-9979,Powdered Sugar,Grains & Pulses,44-388-2451,Skidoo,21,15,27,2.5,2025-05-02,2024-10-11,2025-06-06,42 Mandrake Alley,37,41.0,Active,Expired,-128,163.0,52.5,35.0,0.0,292.5315417244782,Expired
52-392-5312,All-Purpose Flour,Grains & Pulses,78-092-4768,Pixonyx,50,42,20,1.75,2024-06-11,2025-02-19,2025-03-20,336 Old Shore Lane,87,59.0,Active,Expired,-206,488.0,87.5,282.0,0.0,,Expired
65-644-1394,Pear,Fruits & Vegetables,23-280-1300,Lazz,26,95,36,4.5,,2025-01-06,2025-08-17,582 Dahle Center,92,14.0,Active,Expired,-56,,117.0,,,204.97774732095124,Expired
93-813-2419,Digestive Biscuit,Bakery,12-264-4503,Dynabox,39,16,57,4.0,,2024-04-09,2025-06-26,7407 Farragut Pass,98,12.0,Active,Expired,-108,,156.0,,,127.8423707047193,Expired
26-161-6692,Zucchini,Fruits & Vegetables,61-796-7912,Kare,61,90,26,2.5,,2024-09-07,2025-06-10,70001 Vahlen Lane,79,84.0,Discontinued,Expired,-124,,152.5,,,284.81467513721384,Expired
87-013-6488,Sushi Rice,Grains & Pulses,77-471-0792,Tekfly,22,10,53,4.25,2024-08-08,2024-10-26,2025-07-14,07855 Goodland Lane,64,7.0,Active,Expired,-90,430.0,93.5,340.0,0.0,-112.297545990292,Expired
04-277-5245,Coconut Sugar,Grains & Pulses,90-175-7764,Bubblebox,20,51,21,5.0,,2024-07-28,2025-05-14,911 Ridgeway Way,71,26.0,Backordered,Expired,-151,,100.0,,,-388.6335803680876,Expired
73-118-1117,Olive Oil,Oils & Fats,55-557-8544,Layo,52,88,55,6.0,,2024-05-05,2025-06-08,482 Green Center,100,46.0,Discontinued,Expired,-126,,312.0,,,180.26737468405105,Expired
25-349-7974,Spinach,Fruits & Vegetables,82-737-6019,Devshare,72,70,99,2.5,2024-07-10,2024-05-28,2025-08-27,42 Bunker Hill Junction,82,32.0,Discontinued,Expired,-46,459.0,180.0,413.0,0.0,514.5424602808787,Expired
45-852-2446,Salmon,Seafood,37-567-5710,Fanoodle,73,12,28,15.0,,2024-06-08,2025-03-22,56 Petterle Circle,89,92.0,Active,Expired,-204,,1095.0,,,206.6083106304432,Expired
88-746-9468,Onion,Fruits & Vegetables,06-159-1957,Skiba,35,92,74,2.0,,2025-02-03,2025-03-22,82737 Ryan Place,76,32.0,Active,Expired,-204,,70.0,,,228.1212168108649,Expired
01-018-6418,Chocolate Biscuit,Bakery,78-888-6073,Chatterbridge,68,29,100,5.0,,2024-09-27,2025-04-18,481 Mifflin Hill,70,26.0,Backordered,Expired,-177,,340.0,,,-102.343219131607,Expired
91-417-0366,Grapes,Fruits & Vegetables,28-442-2578,Riffwire,25,74,100,5.5,2024-07-06,2024-12-07,2025-05-30,1 Elmside Parkway,41,59.0,Discontinued,Expired,-135,463.0,137.5,328.0,0.0,343.23618137623004,Expired
01-026-2772,Blueberries,Fruits & Vegetables,20-532-0144,Buzzbean,40,61,47,10.0,,2024-06-11,2025-08-03,3 Bunting Point,76,10.0,Discontinued,Expired,-70,,400.0,,,315.0585144796884,Expired
17-493-4579,Almond Flour,Grains & Pulses,67-541-7091,Trudoo,76,8,2,9.5,2024-04-10,2024-11-08,2025-06-08,4627 Amoth Circle,24,53.0,Active,Expired,-126,550.0,722.0,424.0,0.0,-294.96154880079,Expired
70-854-6891,Sourdough Bread,Bakery,79-575-9351,Flashspan,41,84,90,4.0,,2024-11-28,2025-08-13,24045 Bluestem Point,42,65.0,Active,Expired,-60,,164.0,,,91.63752067769386,Expired
80-374-5711,Herbal Tea,Beverages,77-566-9826,Browsecat,48,77,81,31.0,,2024-10-05,2025-07-30,13 Bluejay Way,70,74.0,Backordered,Expired,-74,,1488.0,,,202.77558812549643,Expired
88-304-2855,Pineapple,Fruits & Vegetables,59-570-2020,Brainverse,20,51,33,3.5,2024-03-04,2025-01-24,2025-05-13,0 Delladonna Place,80,41.0,Active,Expired,-152,587.0,70.0,435.0,0.0,373.0627977526834,Expired
31-969-4614,Arabica Coffee,Beverages,83-104-8425,Voomm,62,89,6,20.0,2024-08-09,2024-06-06,2025-08-21,993 Kensington Drive,23,11.0,Discontinued,Expired,-52,429.0,1240.0,377.0,0.0,-159.21593435841538,Expired
03-043-9933,Strawberries,Fruits & Vegetables,48-450-4126,Yombu,16,23,76,6.1,,2025-02-09,2025-04-25,884 Fieldstone Plaza,50,27.0,Backordered,Expired,-170,,97.6,,,211.048729681245,Expired
72-780-6006,Sunflower Oil,Oils & Fats,81-292-4650,Voolith,87,24,19,2.5,2024-11-05,2024-12-13,2025-06-17,88721 Dawn Crossing,83,3.0,Discontinued,Expired,-117,341.0,217.5,224.0,0.0,408.83899176420647,Expired
36-918-2937,Green Coffee,Beverages,53-844-0478,Kwinu,62,89,18,12.0,2024-12-03,2025-02-12,2025-03-17,90865 Sherman Court,35,36.0,Active,Expired,-209,313.0,744.0,104.0,0.0,96.546588844821,Expired
27-216-9671,Sesame Oil,Oils & Fats,40-773-7065,Skilith,100,86,94,6.5,2024-11-08,2024-04-12,2025-05-28,4 Browning Terrace,77,57.0,Active,Expired,-137,338.0,650.0,201.0,0.0,251.4401418116192,Expired
72-989-2512,Mushrooms,Fruits & Vegetables,03-117-6217,Yakijo,24,21,4,6.0,2024-05-04,2024-06-27,2025-05-08,61 Waubesa Court,85,17.0,Backordered,Expired,-157,526.0,144.0,369.0,0.0,248.47133206776888,Expired
79-350-5841,Jasmine Rice,Grains & Pulses,81-676-3345,Gabvine,33,44,89,4.75,,2024-09-05,2025-08-23,75 Cascade Avenue,93,19.0,Discontinued,Expired,-50,,156.75,,,156.01788447552735,Expired
24-228-6840,Herbal Tea,Beverages,26-280-5472,Myworks,27,1,3,30.0,,2024-08-09,2025-07-24,68241 Hanson Circle,34,63.0,Backordered,Expired,-80,,810.0,,,202.77558812549643,Expired
28-008-2951,Broccoli,Fruits & Vegetables,64-118-1480,Buzzster,95,29,28,4.0,,2025-01-16,2025-04-06,26 Barnett Junction,52,46.0,Discontinued,Expired,-189,,380.0,,,379.9649166463116,Expired
44-634-8292,Whole Wheat Flour,Grains & Pulses,48-557-5036,Quatz,60,69,64,2.75,,2024-03-09,2025-03-19,46 Orin Drive,51,6.0,Active,Expired,-207,,165.0,,,155.29952554306962,Expired
79-428-8753,Cabbage,Fruits & Vegetables,29-521-7910,Skivee,62,79,95,1.0,,2024-07-06,2025-05-01,9 Holmberg Circle,34,12.0,Active,Expired,-164,,62.0,,,219.3660424606476,Expired
59-725-4038,Arabica Coffee,Beverages,39-055-1703,Zoozzy,78,34,39,20.5,,2024-08-26,2025-08-19,697 Hoepker Center,62,2.0,Active,Expired,-54,,1599.0,,,-159.21593435841538,Expired
72-970-0239,Sesame Oil,Oils & Fats,64-752-3122,Divanoodle,85,86,21,6.5,,2024-07-24,2025-06-15,73966 Pond Trail,78,53.0,Backordered,Expired,-119,,552.5,,,251.4401418116192,Expired
49-730-0159,Cream,Dairy,62-766-8232,Riffpedia,82,3,82,2.4,2024-03-10,2024-12-10,2025-05-31,09189 2nd Drive,48,31.0,Active,Expired,-134,581.0,196.8,447.0,0.0,92.38409585744772,Expired
11-032-9778,Peas,Fruits & Vegetables,42-380-8881,Edgepulse,99,1,4,3.0,,2025-01-27,2025-04-17,553 Mayfield Crossing,50,53.0,Backordered,Expired,-178,,297.0,,,838.7680573541529,Expired
04-453-5485,Tomato,Fruits & Vegetables,43-880-2879,Quatz,84,20,58,2.5,2024-08-04,2025-01-10,2025-03-12,2 Sunbrook Lane,86,64.0,Backordered,Expired,-214,434.0,210.0,220.0,0.0,380.2464878980803,Expired
76-584-4790,Peanut Oil,Oils & Fats,58-213-1146,Twitterwire,21,52,80,4.0,2024-03-06,2024-11-04,2025-08-05,1170 Shasta Circle,49,37.0,Backordered,Expired,-68,585.0,84.0,517.0,0.0,198.64112838379907,Expired
03-833-3577,Cucumber,Fruits & Vegetables,87-032-6971,Kanoodle,67,14,25,1.8,2024-02-05,2024-08-20,2025-04-11,38 Killdeer Point,81,77.0,Active,Expired,-184,615.0,120.6,431.0,0.0,274.8379054875462,Expired
36-636-4873,Black Rice,Grains & Pulses,11-098-3982,Wikivu,86,100,74,6.1,,2025-01-17,2025-03-23,451 Grim Hill,80,94.0,Active,Expired,-203,,524.6,,,87.61751095483035,Expired
87-762-1317,Mozzarella Cheese,Dairy,58-474-3510,Dazzlesphere,45,63,75,7.0,,2024-11-20,2025-04-19,9305 Warrior Way,83,5.0,Discontinued,Expired,-176,,315.0,,,471.1808449816888,Expired
02-559-8196,Mango,Fruits & Vegetables,44-495-6660,Jaxnation,61,14,49,5.2,2024-10-06,2024-12-12,2025-08-08,545 Linden Alley,74,35.0,Discontinued,Expired,-65,371.0,317.2,306.0,0.0,114.61869166038532,Expired
35-836-6718,Ricotta Cheese,Dairy,27-838-4345,Thoughtblab,91,14,99,6.0,2025-10-02,2025-01-25,2025-06-16,05 Canary Circle,50,5.0,Backordered,Expired,-118,10.0,546.0,-108.0,1.0,193.5273212600001,Expired
28-107-4953,Chocolate Biscuit,Bakery,01-165-8830,Babbleblab,53,19,94,5.0,,2024-11-12,2025-08-22,29755 Daystar Street,82,56.0,Discontinued,Expired,-51,,265.0,,,-102.343219131607,Expired
88-977-0175,Chocolate Biscuit,Bakery,58-087-3463,Yodo,100,1,26,5.0,2024-02-08,2024-03-21,2025-06-09,7561 5th Terrace,47,79.0,Active,Expired,-125,612.0,500.0,487.0,0.0,-102.343219131607,Expired
43-670-8544,Orange,Fruits & Vegetables,16-656-4821,Camido,84,95,22,2.85,,2024-05-14,2025-06-05,3 Logan Trail,48,82.0,Discontinued,Expired,-129,,239.4,,,492.0628274823984,Expired
70-534-7796,Zucchini,Fruits & Vegetables,62-044-8874,Babblestorm,43,21,31,2.5,,2024-06-25,2025-05-22,76106 Anthes Junction,22,25.0,Backordered,Expired,-143,,107.5,,,284.81467513721384,Expired
41-475-5305,Rye Bread,Bakery,93-900-1170,Kwideo,61,20,29,3.0,,2024-03-13,2025-07-31,88 Hooker Parkway,71,97.0,Backordered,Expired,-73,,183.0,,,-238.00615400566969,Expired
83-400-9746,Mozzarella Cheese,Dairy,02-510-0629,Eidel,24,1,65,7.0,,2024-07-12,2025-09-06,40 Merchant Terrace,58,61.0,Active,Expired,-36,,168.0,,,471.1808449816888,Expired
78-689-8958,White Tea,Beverages,52-744-6162,Chatterbridge,20,43,43,25.0,2025-07-01,2024-02-27,2025-04-05,04 Mesta Parkway,73,6.0,Active,Expired,-190,103.0,500.0,-87.0,1.0,128.9834521057375,Expired
12-998-3882,Egg (Turkey),Dairy,06-151-9076,Bluezoom,76,54,76,2.5,2024-01-10,2024-08-17,2025-04-10,94862 Beilfuss Terrace,69,27.0,Backordered,Expired,-185,641.0,190.0,456.0,0.0,304.2268710091268,Expired
45-317-9731,Palm Oil,Oils & Fats,05-779-0378,Wordware,44,83,78,1.8,2024-08-07,2025-01-07,2025-03-19,70156 7th Junction,46,4.0,Discontinued,Expired,-207,431.0,79.2,224.0,0.0,473.7738301614204,Expired
62-393-9939,Cheddar Cheese,Dairy,93-877-9384,Gabcube,60,9,89,9.0,2024-01-06,2024-06-02,2025-08-30,5 Oxford Pass,95,63.0,Active,Expired,-43,645.0,540.0,602.0,0.0,207.35162069355496,Expired
98-499-2220,Parmesan Cheese,Dairy,69-666-2257,Skidoo,37,3,45,12.0,,2024-04-22,2025-08-05,27 School Court,39,28.0,Discontinued,Expired,-68,,444.0,,,449.4466401781845,Expired
77-013-1553,Canola Oil,Oils & Fats,42-252-5861,Yodo,79,31,66,2.3,2024-10-04,2024-10-13,2025-03-23,48788 Chinook Place,92,13.0,Discontinued,Expired,-203,373.0,181.7,170.0,0.0,151.5223229697881,Expired
06-849-4869,Sesame Oil,Oils & Fats,39-464-7300,Rhycero,85,15,16,6.5,,2025-02-19,2025-06-03,041 Paget Alley,46,24.0,Discontinued,Expired,-131,,552.5,,,251.4401418116192,Expired
92-791-0606,Short Grain Rice,Grains & Pulses,56-050-1773,Photobean,18,62,2,3.0,,2024-04-28,2025-05-18,739 Grayhawk Trail,61,78.0,Discontinued,Expired,-147,,54.0,,,101.8221590043836,Expired
40-751-8635,Pineapple,Fruits & Vegetables,48-878-3021,Yamia,44,80,84,3.4,,2024-10-17,2025-06-22,3 Ronald Regan Center,96,68.0,Discontinued,Expired,-112,,149.6,,,373.0627977526834,Expired
88-408-0310,Corn Oil,Oils & Fats,91-002-3027,Flipopia,50,40,69,2.5,,2024-03-31,2025-04-14,5 Mesta Center,28,98.0,Active,Expired,-181,,125.0,,,302.0339871510087,Expired
81-354-4203,Haddock,Seafood,15-466-5131,Yabox,76,57,78,9.0,,2024-06-27,2025-03-21,12 Luster Terrace,52,86.0,Discontinued,Expired,-205,,684.0,,,169.92446667498484,Expired
43-469-7551,Arabica Coffee,Beverages,64-361-4238,Rhycero,45,36,97,20.0,,2024-05-26,2025-08-17,760 Butternut Plaza,36,6.0,Active,Expired,-56,,900.0,,,-159.21593435841538,Expired
76-325-9093,Sesame Oil,Oils & Fats,67-922-3399,Feedbug,27,92,56,6.5,,2024-10-19,2025-07-08,01471 Burrows Lane,29,32.0,Discontinued,Expired,-96,,175.5,,,251.4401418116192,Expired
14-550-2152,Green Tea,Beverages,60-003-2919,Livepath,51,1,61,7.6,,2024-06-18,2025-05-08,3 Forster Point,96,26.0,Active,Expired,-157,,387.6,,,320.245780052184,Expired
56-875-3717,Brown Rice,Grains & Pulses,39-257-6162,Youtags,89,54,15,2.5,2024-09-10,2024-08-01,2025-07-28,32 Cottonwood Pass,64,63.0,Active,Expired,-76,397.0,222.5,321.0,0.0,114.57426846445584,Expired
29-592-7315,Arborio Rice,Grains & Pulses,61-867-3019,Dabtype,56,4,74,4.5,,2024-07-04,2025-08-26,21625 Schlimgen Park,61,73.0,Active,Expired,-47,,252.0,,,386.6670599064762,Expired
76-264-0748,Eggplant,Fruits & Vegetables,27-557-2375,Roombo,47,41,63,3.0,,2024-06-01,2025-06-19,55 Morning Terrace,39,54.0,Active,Expired,-115,,141.0,,,466.8374689238091,Expired
68-732-5919,Jasmine Rice,Grains & Pulses,07-500-2023,Eimbee,26,83,24,4.75,2025-07-02,2024-10-29,2025-05-24,56 Bonner Point,75,12.0,Backordered,Expired,-141,102.0,123.5,-39.0,1.0,156.01788447552735,Expired
46-520-1819,Short Grain Rice,Grains & Pulses,10-762-7936,Katz,41,36,78,4.5,2024-04-07,2024-10-04,2025-06-07,805 Nancy Crossing,38,75.0,Backordered,Expired,-127,553.0,184.5,426.0,0.0,101.8221590043836,Expired
63-890-1246,Oatmeal Biscuit,Bakery,29-273-1595,Vidoo,93,50,43,5.0,,2024-05-16,2025-04-14,3 Melrose Trail,76,35.0,Discontinued,Expired,-181,,465.0,,,-184.66093546665093,Expired
60-550-4771,Haddock,Seafood,24-568-9517,Kwimbee,75,80,87,9.0,2024-06-07,2024-10-03,2025-06-12,1 Monica Lane,49,40.0,Backordered,Expired,-122,492.0,675.0,370.0,0.0,169.92446667498484,Expired
35-257-9312,Parmesan Cheese,Dairy,35-927-4986,Photospace,80,100,48,12.0,,2024-10-12,2025-04-28,9463 Northland Court,100,28.0,Backordered,Expired,-167,,960.0,,,449.4466401781845,Expired
06-797-4963,Pomegranate,Fruits & Vegetables,41-821-0197,Innojam,52,8,37,6.0,,2024-08-15,2025-07-30,1008 Welch Street,38,81.0,Active,Expired,-74,,312.0,,,250.4452100370741,Expired
99-543-5039,Lemon,Fruits & Vegetables,63-683-7396,Livetube,65,88,20,2.5,,2024-11-20,2025-07-19,71796 Waubesa Terrace,89,37.0,Backordered,Expired,-85,,162.5,,,121.35761688263236,Expired
87-199-2743,Papaya,Fruits & Vegetables,54-907-6531,Demivee,59,74,100,4.5,,2024-09-15,2025-05-05,38695 Kenwood Circle,63,69.0,Active,Expired,-160,,265.5,,,238.8951596320066,Expired
78-953-2073,Canola Oil,Oils & Fats,28-465-9141,Tagopia,53,20,75,2.3,2024-12-06,2024-10-01,2025-08-20,085 Reinke Pass,83,77.0,Backordered,Expired,-53,310.0,121.9,257.0,0.0,151.5223229697881,Expired
29-436-6570,Digestive Biscuit,Bakery,12-140-7809,Quatz,61,8,45,4.0,,2024-09-27,2025-06-04,30590 Bowman Alley,73,64.0,Discontinued,Expired,-130,,244.0,,,127.8423707047193,Expired
73-942-0508,Kale,Fruits & Vegetables,37-057-3553,Brightbean,61,100,94,4.0,,2025-01-14,2025-05-12,1034 2nd Point,76,2.0,Backordered,Expired,-153,,244.0,,,422.9966049585869,Expired
76-623-7844,Egg (Quail),Dairy,84-498-3849,Vinte,29,33,88,0.8,,2024-08-23,2025-06-28,868 Swallow Point,50,35.0,Discontinued,Expired,-106,,23.200000000000003,,,329.4833332392572,Expired
39-810-2042,Rice Flour,Grains & Pulses,65-620-9866,Quatz,24,2,49,2.0,2024-02-06,2025-01-25,2025-05-06,47817 Oneill Park,98,82.0,Active,Expired,-159,614.0,48.0,455.0,0.0,939.0930883657584,Expired
24-989-3302,Coconut,Fruits & Vegetables,89-159-0852,Eazzy,85,90,16,5.0,,2024-06-03,2025-07-13,736 Redwing Parkway,61,80.0,Backordered,Expired,-91,,425.0,,,224.2555213486164,Expired
83-573-4586,Sesame Oil,Oils & Fats,91-191-2324,Thoughtbeat,77,95,82,6.5,,2024-10-19,2025-04-12,84575 Randy Point,29,46.0,Backordered,Expired,-183,,500.5,,,251.4401418116192,Expired
16-499-5059,Pear,Fruits & Vegetables,09-090-6360,Centizu,77,20,5,4.5,,2024-11-19,2025-05-25,3 Hooker Way,61,62.0,Discontinued,Expired,-140,,346.5,,,204.97774732095124,Expired
70-612-2531,Pineapple,Fruits & Vegetables,94-217-4781,Flipbug,48,48,39,3.45,,2025-01-25,2025-07-24,4 Raven Drive,51,50.0,Discontinued,Expired,-80,,165.60000000000002,,,373.0627977526834,Expired
87-391-9658,Corn Oil,Oils & Fats,51-054-1226,Centizu,26,100,13,2.5,,2024-09-18,2025-07-09,92486 Laurel Alley,45,45.0,Discontinued,Expired,-95,,65.0,,,302.0339871510087,Expired
40-795-0753,Raw Sugar,Grains & Pulses,47-183-4911,Mydo,31,43,80,1.5,,2025-02-22,2025-04-02,66879 Susan Place,46,78.0,Backordered,Expired,-193,,46.5,,,,Expired
43-893-5408,Short Grain Rice,Grains & Pulses,25-414-2945,Snaptags,60,90,85,3.0,,2024-03-20,2025-08-25,6 Orin Place,47,9.0,Discontinued,Expired,-48,,180.0,,,101.8221590043836,Expired
94-598-3383,Brown Rice,Grains & Pulses,39-488-0039,Viva,79,38,67,2.5,2024-05-07,2024-10-08,2025-08-28,7403 Fuller Hill,43,93.0,Discontinued,Expired,-45,523.0,197.5,478.0,0.0,114.57426846445584,Expired
26-177-5690,Cucumber,Fruits & Vegetables,06-708-1412,Skinte,85,33,50,1.8,2024-06-03,2024-07-15,2025-03-12,61707 Mariners Cove Park,64,38.0,Discontinued,Expired,-214,496.0,153.0,282.0,0.0,274.8379054875462,Expired
15-796-3130,Rye Bread,Bakery,45-912-2948,Kwilith,50,58,78,3.0,,2024-04-17,2025-07-18,85 Lunder Court,83,49.0,Active,Expired,-86,,150.0,,,-238.00615400566969,Expired
88-183-5781,Whole Wheat Bread,Bakery,49-247-1217,Lazz,17,63,3,3.5,2024-02-08,2024-08-24,2025-07-08,46 Delaware Place,93,26.0,Backordered,Expired,-96,612.0,59.5,516.0,0.0,,Expired
03-597-9488,Buttermilk,Dairy,03-983-0515,Wordpedia,70,66,74,2.5,2024-11-11,2024-07-11,2025-08-02,53 Lawn Circle,47,77.0,Active,Expired,-71,335.0,175.0,264.0,0.0,236.138932782056,Expired
11-922-3342,Black Coffee,Beverages,33-523-9077,Gabspot,24,77,32,15.5,,2024-06-10,2025-03-25,094 Carberry Lane,80,42.0,Discontinued,Expired,-201,,372.0,,,-136.25749100302482,Expired
16-632-1308,Arabica Coffee,Beverages,45-903-0036,Voonyx,23,13,15,20.0,,2024-05-21,2025-04-20,60094 Goodland Junction,31,28.0,Backordered,Expired,-175,,460.0,,,-159.21593435841538,Expired
81-573-0943,Egg (Chicken),Dairy,07-754-2313,Topiclounge,22,58,2,0.2,2025-07-02,2024-06-28,2025-05-22,20 Marcy Circle,33,68.0,Active,Expired,-143,102.0,4.4,-41.0,1.0,338.8064921423487,Expired
95-357-2870,Arborio Rice,Grains & Pulses,75-365-7696,Talane,86,80,80,4.5,,2024-05-13,2025-08-21,87 Corben Street,22,67.0,Discontinued,Expired,-52,,387.0,,,386.6670599064762,Expired
86-672-4191,Egg (Goose),Dairy,79-219-8469,Einti,88,22,61,2.5,2025-04-01,2024-09-29,2025-07-14,18 Troy Avenue,54,100.0,Discontinued,Expired,-90,194.0,220.0,104.0,0.0,92.01714258416276,Expired
17-022-9721,Apple,Fruits & Vegetables,59-629-0798,Chatterpoint,43,63,99,3.5,2024-08-11,2024-12-13,2025-03-14,39 Dahle Alley,39,77.0,Discontinued,Expired,-212,427.0,150.5,215.0,0.0,207.8903206860131,Expired
42-141-5718,Cheese,Dairy,67-662-3444,Mydeo,100,31,43,9.0,,2025-01-06,2025-04-15,1700 Briar Crest Parkway,88,52.0,Backordered,Expired,-180,,900.0,,,-54.68541586490113,Expired
13-673-7016,Peach,Fruits & Vegetables,78-726-6352,Youfeed,47,67,57,4.0,2024-04-12,2024-07-22,2025-03-30,04 Hagan Crossing,36,48.0,Backordered,Expired,-196,548.0,188.0,352.0,0.0,-591.5484886996371,Expired
02-085-7218,Cheddar Cheese,Dairy,41-978-3326,Oyonder,85,28,32,8.9,,2024-06-25,2025-05-26,2835 Schlimgen Parkway,57,41.0,Backordered,Expired,-139,,756.5,,,207.35162069355496,Expired
28-956-1320,Greek Yogurt,Dairy,01-445-8931,Thoughtblab,62,2,98,3.0,,2024-10-18,2025-07-30,95 Onsgard Way,50,11.0,Discontinued,Expired,-74,,186.0,,,315.06513227678954,Expired
80-072-8774,Tuna,Seafood,61-222-8413,Viva,89,95,41,18.0,,2024-07-06,2025-08-26,239 Anderson Court,76,96.0,Discontinued,Expired,-47,,1602.0,,,78.97712822778615,Expired
27-387-0428,Halibut,Seafood,62-312-2748,Camido,88,42,68,20.0,,2024-11-29,2025-07-04,1715 Dottie Pass,92,29.0,Active,Expired,-100,,1760.0,,,162.40433594151312,Expired
26-535-4727,Tilapia,Seafood,17-939-1338,Jamia,93,25,23,7.0,,2024-08-17,2025-08-22,4 Darwin Circle,72,83.0,Backordered,Expired,-51,,651.0,,,-13.465823748048848,Expired
50-942-2409,Peas,Fruits & Vegetables,69-472-4067,Meedoo,75,91,68,3.0,,2024-04-23,2025-08-11,7182 Summit Court,96,73.0,Backordered,Expired,-62,,225.0,,,838.7680573541529,Expired
86-692-2312,Avocado Oil,Oils & Fats,77-783-4107,Dazzlesphere,30,48,52,10.0,2024-11-06,2024-12-07,2025-09-05,00616 Manitowish Parkway,22,78.0,Active,Expired,-37,340.0,300.0,303.0,0.0,329.5834010377241,Expired
58-063-8633,Bell Pepper,Fruits & Vegetables,21-932-5200,Skimia,50,3,88,4.5,,2024-06-30,2025-06-01,33424 Express Avenue,69,73.0,Discontinued,Expired,-133,,225.0,,,313.5619827449208,Expired
83-763-5038,Buttermilk,Dairy,26-438-8349,Jatri,52,64,54,2.4,,2024-09-09,2025-05-28,5 Armistice Parkway,21,55.0,Backordered,Expired,-137,,124.8,,,236.138932782056,Expired
98-148-0940,Egg (Chicken),Dairy,06-175-9657,Babblestorm,63,62,18,0.2,,2024-04-02,2025-08-14,588 Waywood Trail,67,17.0,Active,Expired,-59,,12.6,,,338.8064921423487,Expired
68-734-1585,Greek Yogurt,Fruits & Vegetables,54-537-5633,Meeveo,62,44,11,51.17,2025-08-01,2024-04-16,2025-12-27,3 Hagan Drive,92,37.0,Discontinued,Not_Expired,76,72.0,3172.54,148.0,0.5135135135135135,315.06513227678954,Low
63-874-9747,Orange,Fruits & Vegetables,22-506-4911,Oloo,36,59,90,3.0,2024-08-07,2024-12-09,2025-08-12,183 Buell Park,25,60.0,Discontinued,Expired,-61,431.0,108.0,370.0,0.0,492.0628274823984,Expired
04-749-7086,Apple Juice,Beverages,73-579-8505,Stone LLC,42,53,12,11.23,,2024-12-03,2025-12-06,"456 Love Fork, Sharpton, DC 40308",453,0.0534,Discontinued,Not_Expired,55,,471.66,,,395.04548145290426,Low
82-243-3180,Palm Oil,Oils & Fats,18-631-1458,Zooxo,43,63,80,1.8,,2024-07-31,2025-05-11,97 Sunnyside Court,33,96.0,Discontinued,Expired,-154,,77.4,,,473.7738301614204,Expired
35-299-0889,Coconut Oil,Oils & Fats,16-776-9987,Gevee,33,78,79,5.0,2024-05-11,2024-07-11,2025-04-08,95 Packers Lane,60,25.0,Discontinued,Expired,-187,519.0,165.0,332.0,0.0,327.225455635734,Expired
77-312-6317,Spinach,Fruits & Vegetables,12-950-4397,Abatz,41,29,76,2.4,,2024-09-13,2025-03-20,3616 Carey Pass,59,4.0,Discontinued,Expired,-206,,98.4,,,514.5424602808787,Expired
76-674-9109,Palm Oil,Oils & Fats,38-643-3389,"Davis, Mitchell and Martinez",353,40,47,15.07,2024-08-12,2025-03-09,2026-08-22,"420 Thomas Spurs, New Amanda, PA 40485",457,0.0979,Discontinued,Near_Expiry,314,426.0,5319.71,740.0,0.4243243243243243,473.7738301614204,Low
85-146-4774,Orange,Fruits & Vegetables,48-668-3170,Ruiz-Hamilton,343,68,23,1.88,2025-12-04,2025-01-15,2025-10-01,"9368 Lynch Roads, North Tara, GA 82862",246,0.014,Discontinued,Near_Expiry,-11,-53.0,644.8399999999999,-64.0,0.171875,492.0628274823984,Low
44-368-7112,Corn Oil,Oils & Fats,85-978-7855,Devbug,28,32,71,2.5,,2024-05-02,2025-12-24,82 Hintze Court,32,49.0,Discontinued,Not_Expired,73,,70.0,,,302.0339871510087,Low
36-840-2728,Mackerel,Seafood,26-454-7297,Dabfeed,76,21,3,7.5,,2024-08-10,2025-09-12,08545 Lillian Street,31,47.0,Discontinued,Near_Expiry,-30,,570.0,,,173.61224428313625,Low
19-967-0632,Short Grain Rice,Grains & Pulses,90-445-1753,Yombu,53,86,54,3.0,,2025-02-04,2025-10-30,6990 Kings Place,44,3.0,Discontinued,Not_Expired,18,,159.0,,,101.8221590043836,Low
42-158-4052,Cream Cheese,Dairy,06-692-7375,"Alvarez, Wong and Thomas",390,38,77,17.95,,2025-02-14,2026-04-01,"235 Contreras Mill Apt. 991, West Sarahville, AL 40329",169,0.0339,Discontinued,Near_Expiry,171,,7000.5,,,-360.6793431497001,High
06-068-6793,Buttermilk,Dairy,94-958-6101,Twitterbeat,39,80,68,2.5,,2024-08-06,2025-10-25,25 Nancy Place,46,54.0,Discontinued,Not_Expired,13,,97.5,,,236.138932782056,Low
88-981-1657,Orange Juice,Beverages,16-248-1556,Burnett-Lucas,147,88,61,11.79,,2025-04-15,2025-12-28,"577 Wall Points, East Kayla, HI 53583",156,0.0192,Discontinued,Not_Expired,77,,1733.13,,,288.9418378560017,Low
21-809-7115,White Rice,Grains & Pulses,57-774-4116,Tagcat,80,86,50,1.8,2024-05-05,2024-07-22,2025-09-14,3053 Sachs Center,46,69.0,Discontinued,Near_Expiry,-28,525.0,144.0,497.0,0.0,360.4720240167858,Low
99-048-8310,Tomato,Fruits & Vegetables,70-453-8646,Demimbu,32,49,73,2.5,2024-06-07,2024-04-22,2025-06-03,43 Lakewood Junction,80,36.0,Discontinued,Expired,-131,492.0,80.0,361.0,0.0,380.2464878980803,Expired
81-844-2979,Broccoli,Fruits & Vegetables,02-575-7332,Realblab,73,87,46,4.0,,2025-01-15,2025-09-08,16 Elgar Point,47,67.0,Discontinued,Near_Expiry,-34,,292.0,,,379.9649166463116,Low
93-134-9182,Semolina (Rava),Grains & Pulses,99-882-2710,"Clark, Powell and English",449,24,36,2.61,,2025-08-23,2026-07-23,"90732 David Ways Suite 335, Maryton, AZ 99538",156,0.0279,Discontinued,Near_Expiry,284,,1171.89,,,-81.21250382316502,High
48-099-7292,Bell Pepper,Fruits & Vegetables,60-062-0509,"Cobb, Wilson and Schwartz",662,14,77,13.12,2024-09-10,2025-02-01,2026-07-24,"7248 Adams Wells, Daviston, MI 72262",338,0.0443,Discontinued,Near_Expiry,285,397.0,8685.439999999999,682.0,0.4178885630498534,313.5619827449208,High
45-380-4627,Cabbage,Fruits & Vegetables,20-201-5639,Zoombox,90,1,40,0.9,,2025-01-11,2025-12-16,0 Thackeray Point,52,19.0,Discontinued,Not_Expired,65,,81.0,,,219.3660424606476,Low
41-594-5069,Egg (Duck),Dairy,45-471-5053,Blogtags,77,1,41,1.0,2024-05-11,2025-02-05,2025-09-19,9 Clemons Hill,58,55.0,Discontinued,Near_Expiry,-23,519.0,77.0,496.0,0.0,22.159817150970238,High
73-594-1377,Carrot,Fruits & Vegetables,09-626-5146,"Austin, Green and Rocha",196,44,70,7.3,,2025-02-07,2026-06-24,"4588 Craig Shoal, Thomashaven, OH 92829",439,0.051,Discontinued,Not_Expired,255,,1430.8,,,-46.75200385629506,High
28-951-2236,Toor Dal,Grains & Pulses,21-530-0188,Mason Inc,258,33,58,10.84,,2025-01-12,2026-05-05,"2009 Washington Common Suite 986, Jensentown, OK 67415",400,0.032,Discontinued,Near_Expiry,205,,2796.72,,,46.99582836361576,High
15-884-7413,Apple,Fruits & Vegetables,39-412-7454,Geba,77,58,13,3.5,,2024-05-23,2025-09-12,6225 Westend Pass,63,28.0,Discontinued,Near_Expiry,-30,,269.5,,,207.8903206860131,Low
34-928-2775,Coconut,Fruits & Vegetables,07-959-3210,Browseblab,19,47,25,5.0,,2025-02-24,2025-09-10,7945 Mayer Center,96,37.0,Discontinued,Near_Expiry,-32,,95.0,,,224.2555213486164,Low
24-964-1425,Long Grain Rice,Grains & Pulses,51-501-8708,"Reed, Graves and Walsh",89,17,70,9.67,2025-03-02,2025-01-21,2025-12-05,"58866 Anderson Wall, Lake Lisatown, IA 94338",324,0.0844,Discontinued,Near_Expiry,54,224.0,860.63,278.0,0.1942446043165467,158.04797782950843,Low
50-329-7575,Canola Oil,Oils & Fats,25-221-9432,"George, Proctor and Norris",180,30,4,10.16,,2024-11-07,2026-04-19,"1782 Sutton Junctions, Patrickmouth, KY 81206",465,0.0617,Discontinued,Not_Expired,189,,1828.8,,,151.5223229697881,High
63-936-0145,Plum,Fruits & Vegetables,69-415-3675,Thoughtbeat,22,56,72,4.0,2024-09-04,2024-06-08,2025-05-23,95 Kingsford Terrace,70,39.0,Discontinued,Expired,-142,403.0,88.0,261.0,0.0,-165.2119816463226,Expired
94-190-5193,Carrot,Fruits & Vegetables,95-778-2888,Quinu,67,68,50,1.5,,2024-11-21,2025-10-09,24385 Prentice Plaza,67,82.0,Discontinued,Not_Expired,-3,,100.5,,,-46.75200385629506,High
40-810-9261,Green Coffee,Beverages,56-554-1762,Cogibox,75,47,33,12.5,,2024-12-09,2026-01-04,3 Raven Court,33,12.0,Discontinued,Not_Expired,84,,937.5,,,96.546588844821,Low
90-276-1800,Wheat Flour,Grains & Pulses,11-423-7783,Carr-Mendoza,272,12,6,17.93,,2025-05-13,2026-09-07,"93970 Ford Harbor Apt. 640, East Victoriaville, MT 84992",427,0.0931,Discontinued,Near_Expiry,330,,4876.96,,,116.51940820948272,High
14-844-4138,Black Coffee,Beverages,90-534-2165,Flipbug,61,43,29,15.0,2025-03-02,2024-10-25,2025-08-18,40643 Sullivan Lane,67,6.0,Discontinued,Expired,-55,224.0,915.0,169.0,0.0,-136.25749100302482,Expired
05-425-0746,Onion,Fruits & Vegetables,23-450-0301,Gabspot,50,68,90,2.0,2024-12-12,2024-05-09,2025-08-18,49884 Brickson Park Plaza,40,13.0,Discontinued,Expired,-55,304.0,100.0,249.0,0.0,228.1212168108649,Expired
53-446-8243,Orange,Fruits & Vegetables,51-666-7174,Skipfire,41,94,4,3.0,2025-04-02,2024-07-26,2025-09-14,757 Grasskamp Drive,88,92.0,Discontinued,Near_Expiry,-28,193.0,123.0,165.0,0.0,492.0628274823984,Low
52-270-0221,Almond Milk,Beverages,40-928-9581,"Patel, Clark and Watts",364,30,33,16.01,,2025-01-20,2026-07-02,"963 Amanda Mission, West Robert, CA 86596",249,0.012,Discontinued,Near_Expiry,263,,5827.64,,,263.5397011284177,High
65-464-5070,Heavy Cream,Dairy,01-517-7793,Ntags,12,60,73,4.0,2025-03-02,2024-03-16,2025-09-20,00 Luster Alley,20,35.0,Discontinued,Near_Expiry,-22,224.0,48.0,202.0,0.0,-216.91690185103897,High
88-440-6885,Chili Pepper,Fruits & Vegetables,49-138-8858,Le Group,109,71,57,12.34,,2025-07-16,2025-09-26,"4538 William Avenue Apt. 190, East Nicolechester, NV 16419",362,0.0705,Discontinued,Near_Expiry,-16,,1345.06,,,199.39104107652207,Low
46-931-6897,Cream,Dairy,22-946-8052,Meevee,29,32,26,2.5,,2024-06-15,2025-12-31,44 Kensington Road,64,85.0,Discontinued,Not_Expired,80,,72.5,,,92.38409585744772,Low
93-341-2978,Peanut Oil,Oils & Fats,83-638-1384,"Smith, Green and Fisher",158,92,4,7.4,,2024-12-10,2026-08-06,"244 Trujillo Fall Suite 149, Maloneberg, MI 10262",51,0.0852,Discontinued,Near_Expiry,298,,1169.2,,,198.64112838379907,Low
11-325-7396,Mango,Fruits & Vegetables,98-940-7545,Skipfire,92,46,13,5.0,,2024-10-18,2025-09-09,387 Jay Point,24,75.0,Discontinued,Near_Expiry,-33,,460.0,,,114.61869166038532,Low
17-123-4166,Walnut Oil,Oils & Fats,58-627-8577,Santiago-Rose,204,41,32,4.88,2025-08-01,2024-10-21,2026-01-25,"62821 Carl Turnpike Apt. 676, Whitemouth, MN 40614",67,0.0786,Discontinued,Not_Expired,105,72.0,995.52,177.0,0.5932203389830508,389.20022324424,Low
49-918-3739,Chocolate Milk,Beverages,17-226-4503,"Martin, Price and Wilson",404,73,54,5.0,,2024-09-22,2025-10-15,"584 Carrie Plaza, Lake Toddstad, ME 38623",115,0.0157,Discontinued,Near_Expiry,3,,2020.0,,,231.36455353475696,High
74-294-3760,Peanut Oil,Oils & Fats,81-233-6894,Babblestorm,49,17,54,4.0,,2024-11-30,2025-09-08,0109 Stang Terrace,45,96.0,Discontinued,Near_Expiry,-34,,196.0,,,198.64112838379907,Low
03-818-6196,Olive Pomace Oil,Oils & Fats,51-260-0477,"Buchanan, Gomez and Thomas",166,29,92,15.34,,2025-06-04,2026-02-04,"13240 Hernandez Turnpike, North Jose, FL 21032",204,0.0531,Discontinued,Near_Expiry,115,,2546.44,,,634.3207142272862,Low
26-177-5690,Cucumber,Fruits & Vegetables,06-708-1412,Skinte,85,33,50,1.8,2024-06-03,2024-07-15,2025-09-19,61707 Mariners Cove Park,64,38.0,Discontinued,Near_Expiry,-23,496.0,153.0,473.0,0.0,274.8379054875462,Low
02-842-4622,Pineapple,Fruits & Vegetables,57-320-0623,Turner-Farrell,556,87,80,16.12,2025-09-01,2025-03-05,2026-05-04,"20668 Megan Viaduct, Mcdonaldstad, AR 79052",347,0.0539,Discontinued,Near_Expiry,204,41.0,8962.720000000001,245.0,0.8326530612244898,373.0627977526834,High
84-269-9130,Long Grain Rice,Grains & Pulses,88-615-2915,Flashspan,11,10,80,1.5,2024-05-06,2024-09-27,2025-12-03,49263 Graceland Pass,48,65.0,Discontinued,Not_Expired,52,524.0,16.5,576.0,0.0902777777777777,158.04797782950843,Low
14-521-4167,Buttermilk,Dairy,68-609-1972,Vinder,47,2,76,2.5,,2024-06-29,2025-03-31,00847 Reindahl Place,48,36.0,Discontinued,Expired,-195,,117.5,,,236.138932782056,Expired
58-122-2282,Black Tea,Beverages,55-773-9118,Ozu,59,20,17,5.0,2024-06-12,2024-06-30,2025-09-11,96 American Ash Center,45,15.0,Discontinued,Near_Expiry,-31,487.0,295.0,456.0,0.0,386.6665509381301,Low
36-531-4087,Almond Flour,Grains & Pulses,83-172-5527,Skaboo,85,12,94,9.5,,2024-10-25,2025-06-13,2 Columbus Drive,26,32.0,Discontinued,Expired,-121,,807.5,,,-294.96154880079,Expired
85-561-4694,Kiwi,Fruits & Vegetables,57-486-8971,Tazz,28,27,22,6.0,,2024-08-15,2026-01-03,1 Lake View Trail,70,30.0,Discontinued,Not_Expired,83,,168.0,,,36.000206041468445,Low
96-698-2222,Instant Coffee,Beverages,58-681-9541,Price-Rasmussen,189,5,41,13.09,,2025-08-15,2026-06-27,"159 Lawrence Route Apt. 088, Jimenezshire, SD 94402",103,0.0849,Discontinued,Near_Expiry,258,,2474.01,,,437.1593102604444,Low
39-192-3521,Herbal Tea,Beverages,74-062-7176,Dynazzy,20,9,12,30.5,,2025-02-22,2025-09-19,428 Oriole Avenue,46,32.0,Discontinued,Near_Expiry,-23,,610.0,,,202.77558812549643,Low
71-496-1571,Barley,Grains & Pulses,61-927-2431,Taylor-Baker,312,95,40,11.12,2025-04-04,2025-02-26,2025-10-02,"081 Heather Burgs Suite 627, Jessicatown, TN 12880",357,0.0493,Discontinued,Near_Expiry,-10,191.0,3469.44,181.0,0.0,208.60801691908523,High
26-161-6692,Zucchini,Fruits & Vegetables,61-796-7912,Kare,61,90,26,2.5,,2024-09-07,2025-09-13,70001 Vahlen Lane,79,84.0,Discontinued,Near_Expiry,-29,,152.5,,,284.81467513721384,Low
98-487-9211,Pumpkin Seed Oil,Oils & Fats,70-429-2656,Frank Inc,422,24,73,13.5,2024-05-12,2024-11-14,2025-09-17,"2577 Anthony Estates Suite 097, Woodwardhaven, TX 78892",313,0.0371,Discontinued,Near_Expiry,-25,518.0,5697.0,493.0,0.0,564.2151484870304,Low
40-925-0267,Buckwheat,Grains & Pulses,69-762-6740,Waters Group,304,45,18,9.44,,2025-05-20,2025-11-15,"548 Diana Cliffs Apt. 578, Davisborough, HI 49241",484,0.0341,Discontinued,Near_Expiry,34,,2869.76,,,97.905473847433,High
60-644-6596,Trout,Seafood,32-745-8366,Rhynoodle,89,67,89,12.0,,2025-01-05,2025-06-09,22 Hudson Pass,96,42.0,Discontinued,Expired,-125,,1068.0,,,247.50512248129075,Expired
28-044-4102,Papaya,Fruits & Vegetables,93-358-1118,Yakijo,19,28,83,4.5,,2024-03-01,2025-12-21,309 Burning Wood Center,91,73.0,Discontinued,Not_Expired,70,,85.5,,,238.8951596320066,Low
66-855-0038,Mustard Oil,Oils & Fats,56-877-6939,Cooper-Delgado,449,43,6,18.89,2025-11-02,2025-05-04,2026-07-04,"43612 Smith Knoll, Dixontown, WV 63326",256,0.0337,Discontinued,Near_Expiry,265,-21.0,8481.61,244.0,1.0,166.4089126801263,High
35-353-4068,Bread Flour,Grains & Pulses,44-199-6832,Jetpulse,64,11,97,1.5,,2024-12-18,2025-08-10,8583 Northwestern Terrace,33,83.0,Discontinued,Expired,-63,,96.0,,,184.40296419630843,Expired
96-164-0607,Coconut Oil,Oils & Fats,15-655-3923,Browsezoom,89,79,66,5.0,,2024-12-20,2025-11-29,1275 Lawn Center,91,31.0,Discontinued,Not_Expired,48,,445.0,,,327.225455635734,Low
11-316-8405,Mango,Fruits & Vegetables,50-918-1373,Twitternation,24,55,51,5.0,,2025-02-24,2025-04-16,108 Morning Center,39,15.0,Discontinued,Expired,-179,,120.0,,,114.61869166038532,Expired
24-233-6172,Pumpkin Seed Oil,Oils & Fats,92-986-7059,Kline-Beard,141,57,92,10.45,2024-07-11,2025-04-15,2025-11-12,"510 Fuller Roads, Lake Stacyview, NE 76951",155,0.083,Discontinued,Not_Expired,31,458.0,1473.4499999999998,489.0,0.0633946830265848,564.2151484870304,Low
35-353-4068,Bread Flour,Grains & Pulses,44-199-6832,Jetpulse,64,11,97,1.5,,2024-12-18,2025-09-16,8583 Northwestern Terrace,33,83.0,Discontinued,Near_Expiry,-26,,96.0,,,184.40296419630843,Low
42-308-3326,Olive Pomace Oil,Oils & Fats,21-882-3344,Daniels LLC,191,99,10,5.5,,2025-05-28,2025-12-05,"9853 Le Loop, Mariaside, CT 52366",34,0.0174,Discontinued,Near_Expiry,54,,1050.5,,,634.3207142272862,Low
70-960-0581,Milk Beverage,Dairy,09-309-2731,Gentry LLC,446,48,65,17.88,2025-07-03,2024-11-14,2025-10-13,"7664 Clark Centers Suite 670, West Larrybury, WI 17795",419,0.0167,Discontinued,Near_Expiry,1,101.0,7974.48,102.0,0.0098039215686274,233.48459663811104,High
24-724-4352,Coconut Oil,Oils & Fats,18-976-4732,"Reid, Riggs and Pacheco",214,60,4,7.5,,2025-06-13,2026-01-10,"2202 Frank Village, Osbornside, UT 49390",271,0.0108,Discontinued,Not_Expired,90,,1605.0,,,327.225455635734,Low
54-331-9316,Oats,Grains & Pulses,34-868-1458,Jacobson Group,87,9,45,3.16,2025-10-01,2025-08-19,2025-12-04,"03152 James Fort Apt. 421, West Joannaton, GA 65960",286,0.0129,Discontinued,Not_Expired,53,11.0,274.92,64.0,0.828125,166.73308028193406,Low
67-849-7749,Pearl Millet,Grains & Pulses,63-398-9888,Lee PLC,140,99,14,16.98,,2025-01-24,2026-02-16,"18420 Williams Avenue, Roytown, OR 94141",224,0.0272,Discontinued,Near_Expiry,127,,2377.2000000000003,,,303.9163920704753,Low
08-114-3922,Anchovies,Seafood,19-418-7213,Camido,60,64,36,10.0,2024-02-09,2024-02-25,2025-10-08,709 Vidon Avenue,34,48.0,Discontinued,Not_Expired,-4,611.0,600.0,607.0,0.0,155.9051533421117,Low
06-849-4869,Sesame Oil,Oils & Fats,39-464-7300,Rhycero,85,15,16,6.5,,2025-02-19,2025-09-13,041 Paget Alley,46,24.0,Discontinued,Near_Expiry,-29,,552.5,,,251.4401418116192,Low
22-083-3347,Long Grain Rice,Grains & Pulses,01-431-7544,Yodoo,69,82,58,1.5,2024-07-07,2024-04-29,2025-09-18,38 Superior Road,34,22.0,Discontinued,Near_Expiry,-24,462.0,103.5,438.0,0.0,158.04797782950843,Low
90-492-0564,Pomegranate,Fruits & Vegetables,18-085-1667,Shuffledrive,92,96,56,6.0,,2024-06-25,2025-09-14,54 Pawling Crossing,32,22.0,Discontinued,Near_Expiry,-28,,552.0,,,250.4452100370741,Low
22-849-2551,Mushrooms,Fruits & Vegetables,14-231-9135,Izio,34,1,79,6.2,2024-12-06,2024-12-20,2025-06-05,81533 John Wall Court,58,36.0,Discontinued,Expired,-129,310.0,210.8,181.0,0.0,248.47133206776888,Expired
61-801-8665,Robusta Coffee,Beverages,78-283-9751,Demivee,42,88,17,10.5,,2024-12-06,2025-10-09,58 La Follette Park,34,51.0,Discontinued,Not_Expired,-3,,441.0,,,90.37968609717944,Low
40-793-7235,Sour Cream,Dairy,89-048-3542,Chatterbridge,92,67,51,4.0,2024-05-04,2024-12-09,2025-09-17,68086 Crowley Circle,23,78.0,Discontinued,Near_Expiry,-25,526.0,368.0,501.0,0.0,215.82384939701885,Low
81-354-4203,Haddock,Seafood,15-466-5131,Yabox,76,57,78,9.0,,2024-06-27,2025-12-30,12 Luster Terrace,52,86.0,Discontinued,Not_Expired,79,,684.0,,,169.92446667498484,Low
65-593-1153,Strawberry,Fruits & Vegetables,83-598-0041,Henry-Woods,280,30,24,13.26,2025-02-02,2025-07-08,2025-12-24,"949 Elizabeth Pike, Maryfurt, WA 77767",331,0.0179,Discontinued,Near_Expiry,73,252.0,3712.8,325.0,0.2246153846153846,437.4073354682168,Low
26-196-1952,Mushrooms,Fruits & Vegetables,16-823-7863,"Reyes, Mendoza and Kelly",469,27,8,4.95,,2024-10-13,2025-10-16,"2934 Turner Skyway, North Elizabethberg, PA 37836",138,0.0437,Discontinued,Near_Expiry,4,,2321.55,,,248.47133206776888,High
50-930-4751,Salmon,Seafood,40-260-8547,Abata,88,40,29,15.0,,2024-06-24,2025-11-17,80380 Valley Edge Road,96,87.0,Discontinued,Not_Expired,36,,1320.0,,,206.6083106304432,Low
47-578-4161,Anchovies,Seafood,96-001-5429,Jaxspan,88,56,81,10.0,2024-10-05,2024-03-10,2025-09-08,5 Forest Run Way,98,86.0,Discontinued,Near_Expiry,-34,372.0,880.0,338.0,0.0,155.9051533421117,Low
00-963-2193,Milk,Dairy,39-521-8484,Thoughtsphere,43,88,33,1.0,,2025-02-03,2025-07-20,5030 Moose Junction,84,75.0,Discontinued,Expired,-84,,43.0,,,169.499096203225,Expired
80-334-0215,Grapes,Fruits & Vegetables,19-156-3869,Camimbo,88,27,92,5.5,,2024-04-30,2025-09-18,611 Waubesa Circle,57,37.0,Discontinued,Near_Expiry,-24,,484.0,,,343.23618137623004,Low
08-114-3922,Anchovies,Seafood,19-418-7213,Camido,60,64,36,10.0,2024-02-09,2024-02-25,2025-09-15,709 Vidon Avenue,34,48.0,Discontinued,Near_Expiry,-27,611.0,600.0,584.0,0.0,155.9051533421117,Low
68-373-6947,Protein Shake,Beverages,29-338-0920,Moore Ltd,183,68,31,8.7,2025-05-04,2025-01-24,2026-01-10,"58912 Richard Stravenue, New Gina, OH 69035",78,0.0745,Discontinued,Near_Expiry,90,161.0,1592.1,251.0,0.3585657370517928,-269.77427395851976,High
34-110-1040,Bell Pepper,Fruits & Vegetables,14-427-6604,Leenti,75,85,27,4.5,,2024-06-09,2025-09-13,42397 Knutson Place,26,68.0,Discontinued,Near_Expiry,-29,,337.5,,,313.5619827449208,Low
34-709-9237,Carrot,Fruits & Vegetables,66-680-8738,Gigaclub,61,81,99,1.5,,2024-03-13,2025-11-27,1509 Hoard Circle,26,76.0,Discontinued,Not_Expired,46,,91.5,,,-46.75200385629506,High
60-761-4394,Truffle Oil,Oils & Fats,45-260-3780,Fowler Inc,94,60,90,15.67,2025-12-06,2025-03-05,2025-12-28,"9858 Rollins Ferry Suite 061, Port Michael, CT 14277",116,0.0125,Discontinued,Not_Expired,77,-55.0,1472.98,22.0,1.0,173.90909249446293,Low
01-439-6231,Sunflower Oil,Oils & Fats,08-490-1714,Skidoo,88,100,17,2.5,2024-11-12,2024-10-28,2025-09-17,8 Spaight Circle,25,28.0,Discontinued,Near_Expiry,-25,334.0,220.0,309.0,0.0,408.83899176420647,Low
00-356-5561,Moong Dal,Grains & Pulses,21-721-1238,Simmons Group,221,34,39,8.92,2025-11-05,2024-10-09,2025-11-19,"3959 Moore Prairie Apt. 501, Kennethview, HI 21909",120,0.0521,Discontinued,Near_Expiry,38,-24.0,1971.32,14.0,1.0,169.75095283126052,High
33-845-1107,Mozzarella Cheese,Dairy,43-717-5875,Murphy-Dixon,86,60,64,14.36,,2024-12-30,2026-06-07,"0211 Mary Summit Suite 739, Gibsonborough, IL 11354",320,0.0797,Discontinued,Not_Expired,238,,1234.96,,,471.1808449816888,Low
86-257-4613,Jasmine Rice,Grains & Pulses,70-402-4816,Kwilith,44,26,60,4.75,,2024-08-23,2025-11-09,5 Prentice Pass,63,59.0,Discontinued,Not_Expired,28,,209.0,,,156.01788447552735,Low
00-326-9723,Clarified Butter,Oils & Fats,14-631-8388,Rose-Cole,131,62,80,2.2,,2024-10-14,2025-11-13,"6915 Moreno Oval Apt. 801, Lake Andrewbury, TN 95974",313,0.096,Discontinued,Not_Expired,32,,288.20000000000005,,,-743.2963026053405,High
89-880-5925,Iced Tea,Beverages,95-383-8483,"Richardson, Morrison and Jimenez",66,43,41,7.5,,2025-02-19,2026-01-28,"354 Antonio Ferry Suite 828, Port Ashleychester, IA 05552",163,0.0536,Discontinued,Not_Expired,108,,495.0,,,-108.10206777074896,High
67-270-7464,Jasmine Rice,Grains & Pulses,83-960-5274,Yadel,91,73,77,4.75,2025-01-02,2024-08-24,2025-09-12,7242 Claremont Avenue,51,49.0,Discontinued,Near_Expiry,-30,283.0,432.25,253.0,0.0,156.01788447552735,Low
22-329-7791,Watermelon,Fruits & Vegetables,72-013-2438,Eidel,53,41,30,3.0,,2025-01-13,2025-08-07,50687 Porter Park,24,77.0,Discontinued,Expired,-66,,159.0,,,158.94937641088555,Expired
95-090-2788,Sesame Oil,Oils & Fats,95-715-6047,Dabtype,45,7,58,6.5,2024-02-09,2024-04-05,2025-11-30,0313 Rockefeller Street,86,77.0,Discontinued,Not_Expired,49,611.0,292.5,660.0,0.0742424242424242,251.4401418116192,Low
31-038-2838,Carrot,Fruits & Vegetables,37-697-4300,Arias-Molina,288,49,23,18.78,2025-01-06,2025-05-12,2026-03-10,"4839 Singh Expressway, West Julie, AL 51847",426,0.0519,Discontinued,Near_Expiry,149,279.0,5408.64,428.0,0.3481308411214953,-46.75200385629506,High
38-229-8619,Millet (Ragi),Grains & Pulses,37-834-0682,Norris-Brown,430,87,48,5.58,,2024-10-30,2025-09-23,"989 Scott Parkways, Johnnyfurt, WI 87811",52,0.0369,Discontinued,Near_Expiry,-19,,2399.4,,,0.263082883111835,High
50-930-4751,Salmon,Seafood,40-260-8547,Abata,88,40,29,15.0,,2024-06-24,2025-03-27,80380 Valley Edge Road,96,87.0,Discontinued,Expired,-199,,1320.0,,,206.6083106304432,Expired
96-774-0457,Cod,Seafood,71-991-5737,Izio,56,50,80,8.0,,2024-03-12,2025-09-13,7369 Thackeray Drive,99,5.0,Discontinued,Near_Expiry,-29,,448.0,,,49.01456681929248,High
92-791-0606,Short Grain Rice,Grains & Pulses,56-050-1773,Photobean,18,62,2,3.0,,2024-04-28,2025-12-26,739 Grayhawk Trail,61,78.0,Discontinued,Not_Expired,75,,54.0,,,101.8221590043836,Low
37-911-9066,Flavored Yogurt,Dairy,57-897-4262,"Graham, Benjamin and Daniel",87,95,72,16.98,,2024-10-23,2026-06-15,"07225 Petty Lane Suite 981, Huangborough, NC 81280",295,0.0625,Discontinued,Not_Expired,246,,1477.26,,,519.6793357498921,Low
24-143-4957,Canola Oil,Oils & Fats,29-968-4976,Katz,25,97,63,2.3,,2024-06-22,2025-07-22,685 Independence Junction,72,23.0,Discontinued,Expired,-82,,57.49999999999999,,,151.5223229697881,Expired
23-835-0989,Flavored Oil,Oils & Fats,74-737-7481,Greene-Scott,116,27,18,7.9,,2024-12-18,2025-12-21,"31695 Jimenez Shoals, South Stanleyville, NV 85019",265,0.0489,Discontinued,Not_Expired,70,,916.4,,,-289.0472442290872,High
25-408-2934,Buttermilk Drink,Beverages,26-690-7545,Hamilton-Duran,173,84,86,3.64,,2024-11-20,2026-08-16,"384 Ruiz Ridge, West Lisaburgh, AK 51599",76,0.0217,Discontinued,Not_Expired,308,,629.72,,,-407.2768939533916,High
83-238-4189,Parmesan Cheese,Dairy,82-479-3427,"Colon, Stanley and Castaneda",26,30,27,18.41,2025-03-03,2025-01-03,2026-03-31,"2701 Lori Coves, East Seanmouth, SC 42410",118,0.0684,Discontinued,Not_Expired,170,223.0,478.66,393.0,0.4325699745547073,449.4466401781845,Low
11-581-9869,Carrot,Fruits & Vegetables,22-867-3079,Avaveo,51,60,98,1.5,2024-01-05,2024-12-12,2025-06-20,44801 Myrtle Center,44,95.0,Discontinued,Expired,-114,646.0,76.5,532.0,0.0,-46.75200385629506,Expired
89-673-1543,Digestive Biscuit,Bakery,43-679-7350,Lajo,72,78,1,4.0,2024-10-11,2024-03-28,2025-04-22,297 Petterle Way,85,30.0,Discontinued,Expired,-173,366.0,288.0,193.0,0.0,127.8423707047193,Expired
02-170-5225,Raw Sugar,Grains & Pulses,90-940-9550,Eabox,90,75,43,1.5,,2024-09-18,2025-11-18,36 Bobwhite Parkway,80,57.0,Discontinued,Not_Expired,37,,135.0,,,,Low
73-118-1117,Olive Oil,Oils & Fats,55-557-8544,Layo,52,88,55,6.0,,2024-05-05,2025-11-06,482 Green Center,100,46.0,Discontinued,Not_Expired,25,,312.0,,,180.26737468405105,Low
48-461-3742,Kiwi,Fruits & Vegetables,78-381-5054,Zooveo,37,8,50,6.0,2024-06-07,2024-05-17,2025-04-19,42719 Milwaukee Avenue,47,62.0,Discontinued,Expired,-176,492.0,222.0,316.0,0.0,36.000206041468445,Expired
14-780-6727,Banana,Fruits & Vegetables,87-945-9587,Huff-Zamora,240,74,80,1.82,2024-10-12,2024-10-31,2026-07-04,"49838 Marie Views, North Brooke, MT 93270",290,0.0846,Discontinued,Not_Expired,265,365.0,436.8,630.0,0.4206349206349206,176.93527720481546,High
08-348-0019,Whole Milk,Dairy,75-837-1729,Willis-Chan,83,13,45,18.7,,2025-07-05,2025-10-24,"800 Robertson Locks Suite 022, North Lisaland, OH 05810",184,0.0844,Discontinued,Near_Expiry,12,,1552.1,,,231.96323961961957,Low
